UtcTime,Computer,User,EventID,Image,CommandLine,ParentImage,DestinationIp,DestinationPort,Hashes
2026-02-10 00:00:00.000,ENG-MAC-17,morgan.sato,1,python3,"python3",explorer.exe,,,SHA256=001a5af547879f2d001a5af547879f2d001a5af547879f2d001a5af547879f2d
2026-02-10 00:02:40.840,BLD-RUN-02,svc-build,1,powershell.exe,"powershell.exe",systemd,,,SHA256=000ccf5076d66696000ccf5076d66696000ccf5076d66696000ccf5076d66696
2026-02-10 00:13:27.073,ENG-MAC-04,riley.kapoor,1,slack.exe,"slack.exe",explorer.exe,,,SHA256=00003c01a151c07a00003c01a151c07a00003c01a151c07a00003c01a151c07a
2026-02-10 00:16:26.248,ENG-MAC-17,svc-build,1,chrome.exe,"chrome.exe",explorer.exe,,,SHA256=001170796df94174001170796df94174001170796df94174001170796df94174
2026-02-10 00:22:20.315,BLD-RUN-02,svc-export,1,sshd,"sshd",explorer.exe,,,SHA256=000959f0c1d800ea000959f0c1d800ea000959f0c1d800ea000959f0c1d800ea
2026-02-10 00:32:56.369,BLD-RUN-02,svc-build,1,outlook.exe,"outlook.exe",cmd.exe,,,SHA256=0017d9f36704c18f0017d9f36704c18f0017d9f36704c18f0017d9f36704c18f
2026-02-10 00:37:38.157,ENG-MAC-04,alex.chen,1,slack.exe,"slack.exe",systemd,,,SHA256=001b5abf8b982361001b5abf8b982361001b5abf8b982361001b5abf8b982361
2026-02-10 00:48:33.037,FIN-WS22,svc-export,1,node,"node",cmd.exe,,,SHA256=0002aef9fd986e930002aef9fd986e930002aef9fd986e930002aef9fd986e93
2026-02-10 00:53:05.398,FIN-WS22,riley.kapoor,1,slack.exe,"slack.exe",cmd.exe,,,SHA256=000fae7b01397df9000fae7b01397df9000fae7b01397df9000fae7b01397df9
2026-02-10 01:03:31.326,BLD-RUN-02,jamie.patel,1,outlook.exe,"outlook.exe",explorer.exe,,,SHA256=001971a29b7e7cba001971a29b7e7cba001971a29b7e7cba001971a29b7e7cba
2026-02-10 01:06:07.002,BLD-RUN-02,svc-build,1,python3,"python3",systemd,,,SHA256=001e9fe1c98d5e7e001e9fe1c98d5e7e001e9fe1c98d5e7e001e9fe1c98d5e7e
2026-02-10 01:14:40.013,ENG-MAC-04,morgan.sato,1,sshd,"sshd",explorer.exe,,,SHA256=0002072af279825b0002072af279825b0002072af279825b0002072af279825b
2026-02-10 01:23:42.446,ENG-MAC-17,taylor.owens,1,outlook.exe,"outlook.exe",explorer.exe,,,SHA256=001c9661acb2a022001c9661acb2a022001c9661acb2a022001c9661acb2a022
2026-02-10 01:28:39.912,FIN-WS22,morgan.sato,1,sshd,"sshd",explorer.exe,,,SHA256=0012c314f19544d60012c314f19544d60012c314f19544d60012c314f19544d6
2026-02-10 01:32:32.915,LINUX-JUMP-01,svc-build,1,node,"node",cmd.exe,,,SHA256=000ce93f6a278e81000ce93f6a278e81000ce93f6a278e81000ce93f6a278e81
2026-02-10 01:37:56.456,ENG-MAC-04,svc-export,1,sshd,"sshd",cmd.exe,,,SHA256=000652995107d8a3000652995107d8a3000652995107d8a3000652995107d8a3
2026-02-10 01:46:09.290,LINUX-JUMP-01,taylor.owens,1,python3,"python3",cmd.exe,,,SHA256=000220337ba471dc000220337ba471dc000220337ba471dc000220337ba471dc
2026-02-10 01:54:53.501,ENG-MAC-17,jamie.patel,1,sshd,"sshd",systemd,,,SHA256=0021b7e5d9e890b60021b7e5d9e890b60021b7e5d9e890b60021b7e5d9e890b6
2026-02-10 02:05:54.470,ENG-MAC-17,riley.kapoor,1,outlook.exe,"outlook.exe",cmd.exe,,,SHA256=0012ea73af9d60900012ea73af9d60900012ea73af9d60900012ea73af9d6090
2026-02-10 02:11:35.994,ENG-MAC-17,svc-build,1,chrome.exe,"chrome.exe",systemd,,,SHA256=000af91c2c6b7917000af91c2c6b7917000af91c2c6b7917000af91c2c6b7917
2026-02-10 02:19:29.211,ENG-MAC-17,jamie.patel,1,slack.exe,"slack.exe",cmd.exe,,,SHA256=0017bf4aa43231d70017bf4aa43231d70017bf4aa43231d70017bf4aa43231d7
2026-02-10 02:22:59.718,FIN-WS17,jamie.patel,1,node,"node",systemd,,,SHA256=0007e128128458c10007e128128458c10007e128128458c10007e128128458c1
2026-02-10 02:28:16.288,BLD-RUN-02,alex.chen,1,python3,"python3",cmd.exe,,,SHA256=000a34ae454badc2000a34ae454badc2000a34ae454badc2000a34ae454badc2
2026-02-10 02:31:47.009,ENG-MAC-17,jamie.patel,1,outlook.exe,"outlook.exe",launchd,,,SHA256=0018c0cdc94176ba0018c0cdc94176ba0018c0cdc94176ba0018c0cdc94176ba
2026-02-10 02:39:53.415,ENG-MAC-17,morgan.sato,1,outlook.exe,"outlook.exe",systemd,,,SHA256=001a1fb35fc85675001a1fb35fc85675001a1fb35fc85675001a1fb35fc85675
2026-02-10 02:44:17.919,ENG-MAC-04,morgan.sato,1,python3,"python3",launchd,,,SHA256=000dfe2349959e72000dfe2349959e72000dfe2349959e72000dfe2349959e72
2026-02-10 02:55:10.961,BLD-RUN-02,svc-build,1,slack.exe,"slack.exe",launchd,,,SHA256=0000095046ce66a20000095046ce66a20000095046ce66a20000095046ce66a2
2026-02-10 03:02:46.947,ENG-MAC-04,morgan.sato,1,git,"git",systemd,,,SHA256=0000e6d26bde1f5f0000e6d26bde1f5f0000e6d26bde1f5f0000e6d26bde1f5f
2026-02-10 03:08:26.166,ENG-MAC-04,riley.kapoor,1,slack.exe,"slack.exe",systemd,,,SHA256=000775804f1de14a000775804f1de14a000775804f1de14a000775804f1de14a
2026-02-10 03:11:26.084,ENG-MAC-17,alex.chen,1,node,"node",cmd.exe,,,SHA256=0012ff749e5dc3d80012ff749e5dc3d80012ff749e5dc3d80012ff749e5dc3d8
2026-02-10 03:15:51.137,FIN-WS22,svc-export,1,outlook.exe,"outlook.exe",launchd,,,SHA256=0015a3f8db40ceb20015a3f8db40ceb20015a3f8db40ceb20015a3f8db40ceb2
2026-02-10 03:21:55.536,ENG-MAC-04,alex.chen,1,powershell.exe,"powershell.exe",systemd,,,SHA256=000a3f72bfe1fb30000a3f72bfe1fb30000a3f72bfe1fb30000a3f72bfe1fb30
2026-02-10 03:25:47.574,FIN-WS22,jamie.patel,1,python3,"python3",explorer.exe,,,SHA256=000e35a992db02a2000e35a992db02a2000e35a992db02a2000e35a992db02a2
2026-02-10 03:28:54.113,ENG-MAC-04,morgan.sato,1,outlook.exe,"outlook.exe",launchd,,,SHA256=001b2d4c7a7cb316001b2d4c7a7cb316001b2d4c7a7cb316001b2d4c7a7cb316
2026-02-10 03:31:26.765,FIN-WS22,morgan.sato,1,slack.exe,"slack.exe",systemd,,,SHA256=000109e6442707e3000109e6442707e3000109e6442707e3000109e6442707e3
2026-02-10 03:37:21.913,ENG-MAC-04,riley.kapoor,1,git,"git",cmd.exe,,,SHA256=0010e07dfd8f9c2a0010e07dfd8f9c2a0010e07dfd8f9c2a0010e07dfd8f9c2a
2026-02-10 03:40:09.041,ENG-MAC-17,jamie.patel,1,outlook.exe,"outlook.exe",launchd,,,SHA256=001c544057e90cf9001c544057e90cf9001c544057e90cf9001c544057e90cf9
2026-02-10 03:45:38.527,LINUX-JUMP-01,jamie.patel,1,sshd,"sshd",explorer.exe,,,SHA256=00037ab057c0d5e100037ab057c0d5e100037ab057c0d5e100037ab057c0d5e1
2026-02-10 03:49:42.490,BLD-RUN-02,jamie.patel,1,outlook.exe,"outlook.exe",launchd,,,SHA256=001fbfed7c8eee1f001fbfed7c8eee1f001fbfed7c8eee1f001fbfed7c8eee1f
2026-02-10 03:53:00.651,FIN-WS17,morgan.sato,1,outlook.exe,"outlook.exe",systemd,,,SHA256=000267d6f7b73d9d000267d6f7b73d9d000267d6f7b73d9d000267d6f7b73d9d
2026-02-10 03:58:36.359,ENG-MAC-04,jamie.patel,1,powershell.exe,"powershell.exe",cmd.exe,,,SHA256=0007b897e5b2b8820007b897e5b2b8820007b897e5b2b8820007b897e5b2b882
2026-02-10 04:02:53.577,ENG-MAC-17,riley.kapoor,1,powershell.exe,"powershell.exe",cmd.exe,,,SHA256=0003591daf88dd070003591daf88dd070003591daf88dd070003591daf88dd07
2026-02-10 04:14:10.206,ENG-MAC-04,svc-export,1,sshd,"sshd",systemd,,,SHA256=00151d91bf8b42c100151d91bf8b42c100151d91bf8b42c100151d91bf8b42c1
2026-02-10 04:24:51.698,LINUX-JUMP-01,jamie.patel,1,node,"node",cmd.exe,,,SHA256=000c8aced52c33af000c8aced52c33af000c8aced52c33af000c8aced52c33af
2026-02-10 04:30:15.468,ENG-MAC-17,riley.kapoor,1,python3,"python3",cmd.exe,,,SHA256=0008d97f4ed2b6a30008d97f4ed2b6a30008d97f4ed2b6a30008d97f4ed2b6a3
2026-02-10 04:34:33.757,BLD-RUN-02,riley.kapoor,1,python3,"python3",launchd,,,SHA256=000bab4bf72957e5000bab4bf72957e5000bab4bf72957e5000bab4bf72957e5
2026-02-10 04:39:11.767,FIN-WS22,riley.kapoor,1,slack.exe,"slack.exe",explorer.exe,,,SHA256=0016be461cee28190016be461cee28190016be461cee28190016be461cee2819
2026-02-10 04:44:59.216,FIN-WS22,alex.chen,1,sshd,"sshd",launchd,,,SHA256=0013597626812ad70013597626812ad70013597626812ad70013597626812ad7
2026-02-10 04:51:15.869,BLD-RUN-02,alex.chen,1,node,"node",launchd,,,SHA256=0000b520f6e595750000b520f6e595750000b520f6e595750000b520f6e59575
2026-02-10 04:56:22.728,ENG-MAC-17,morgan.sato,1,git,"git",explorer.exe,,,SHA256=0017bf4235a51bed0017bf4235a51bed0017bf4235a51bed0017bf4235a51bed
2026-02-10 05:02:06.855,BLD-RUN-02,morgan.sato,1,powershell.exe,"powershell.exe",explorer.exe,,,SHA256=000b9db3d4dfeceb000b9db3d4dfeceb000b9db3d4dfeceb000b9db3d4dfeceb
2026-02-10 05:11:24.336,BLD-RUN-02,riley.kapoor,1,git,"git",launchd,,,SHA256=0019894195173764001989419517376400198941951737640019894195173764
2026-02-10 05:18:06.693,ENG-MAC-04,jamie.patel,1,chrome.exe,"chrome.exe",launchd,,,SHA256=0009a193c910f3470009a193c910f3470009a193c910f3470009a193c910f347
2026-02-10 05:24:03.642,ENG-MAC-17,morgan.sato,1,powershell.exe,"powershell.exe",systemd,,,SHA256=000d0a47d52e7c28000d0a47d52e7c28000d0a47d52e7c28000d0a47d52e7c28
2026-02-10 05:27:40.998,BLD-RUN-02,taylor.owens,1,powershell.exe,"powershell.exe",explorer.exe,,,SHA256=001993a4d3ec27ef001993a4d3ec27ef001993a4d3ec27ef001993a4d3ec27ef
2026-02-10 05:31:06.807,ENG-MAC-17,riley.kapoor,1,git,"git",cmd.exe,,,SHA256=0013fa975e34b4f50013fa975e34b4f50013fa975e34b4f50013fa975e34b4f5
2026-02-10 05:39:20.428,BLD-RUN-02,riley.kapoor,1,slack.exe,"slack.exe",cmd.exe,,,SHA256=001a86f72330021a001a86f72330021a001a86f72330021a001a86f72330021a
2026-02-10 05:43:45.878,ENG-MAC-04,alex.chen,1,git,"git",launchd,,,SHA256=00225751beb850b000225751beb850b000225751beb850b000225751beb850b0
2026-02-10 05:49:08.753,ENG-MAC-04,alex.chen,1,outlook.exe,"outlook.exe",systemd,,,SHA256=0021b28673f323500021b28673f323500021b28673f323500021b28673f32350
2026-02-10 05:55:30.561,LINUX-JUMP-01,alex.chen,1,slack.exe,"slack.exe",explorer.exe,,,SHA256=002129e6a86af600002129e6a86af600002129e6a86af600002129e6a86af600
2026-02-10 05:59:59.297,ENG-MAC-04,jamie.patel,1,git,"git",cmd.exe,,,SHA256=001fc891d32f5b25001fc891d32f5b25001fc891d32f5b25001fc891d32f5b25
2026-02-10 06:07:03.178,FIN-WS17,svc-build,1,slack.exe,"slack.exe",launchd,,,SHA256=00008d9c12c9ce3200008d9c12c9ce3200008d9c12c9ce3200008d9c12c9ce32
2026-02-10 06:11:07.037,FIN-WS17,svc-build,1,node,"node",cmd.exe,,,SHA256=001ce9c69e8d9830001ce9c69e8d9830001ce9c69e8d9830001ce9c69e8d9830
2026-02-10 06:16:28.179,LINUX-JUMP-01,taylor.owens,1,powershell.exe,"powershell.exe",explorer.exe,,,SHA256=000854b53542c34e000854b53542c34e000854b53542c34e000854b53542c34e
2026-02-10 06:20:59.302,ENG-MAC-17,riley.kapoor,1,chrome.exe,"chrome.exe",launchd,,,SHA256=001f481cd7552250001f481cd7552250001f481cd7552250001f481cd7552250
2026-02-10 06:27:38.197,BLD-RUN-02,jamie.patel,1,git,"git",explorer.exe,,,SHA256=00153d1d696e2d7500153d1d696e2d7500153d1d696e2d7500153d1d696e2d75
2026-02-10 06:35:33.623,BLD-RUN-02,riley.kapoor,1,git,"git",cmd.exe,,,SHA256=00192d856319ba2100192d856319ba2100192d856319ba2100192d856319ba21
2026-02-10 06:45:19.268,FIN-WS17,alex.chen,1,outlook.exe,"outlook.exe",systemd,,,SHA256=00153ad7fb7eab7c00153ad7fb7eab7c00153ad7fb7eab7c00153ad7fb7eab7c
2026-02-10 06:54:46.913,BLD-RUN-02,riley.kapoor,1,powershell.exe,"powershell.exe",launchd,,,SHA256=0020755501f379ba0020755501f379ba0020755501f379ba0020755501f379ba
2026-02-10 07:02:08.454,ENG-MAC-17,alex.chen,1,node,"node",launchd,,,SHA256=0017f6bbe21c22cc0017f6bbe21c22cc0017f6bbe21c22cc0017f6bbe21c22cc
2026-02-10 07:07:05.783,LINUX-JUMP-01,riley.kapoor,1,outlook.exe,"outlook.exe",systemd,,,SHA256=001e317fdff392ab001e317fdff392ab001e317fdff392ab001e317fdff392ab
2026-02-10 07:14:57.739,BLD-RUN-02,morgan.sato,1,sshd,"sshd",launchd,,,SHA256=001f5c0e9f9c227a001f5c0e9f9c227a001f5c0e9f9c227a001f5c0e9f9c227a
2026-02-10 07:20:23.422,ENG-MAC-17,morgan.sato,1,sshd,"sshd",systemd,,,SHA256=001f77b860074535001f77b860074535001f77b860074535001f77b860074535
2026-02-10 07:28:08.689,FIN-WS17,riley.kapoor,1,slack.exe,"slack.exe",explorer.exe,,,SHA256=000878409a3b25a4000878409a3b25a4000878409a3b25a4000878409a3b25a4
2026-02-10 07:34:54.095,FIN-WS22,taylor.owens,1,chrome.exe,"chrome.exe",systemd,,,SHA256=001d3e26ee99acca001d3e26ee99acca001d3e26ee99acca001d3e26ee99acca
2026-02-10 07:42:22.993,LINUX-JUMP-01,svc-build,1,chrome.exe,"chrome.exe",launchd,,,SHA256=001158bc44ab710d001158bc44ab710d001158bc44ab710d001158bc44ab710d
2026-02-10 07:51:11.947,FIN-WS17,morgan.sato,1,slack.exe,"slack.exe",explorer.exe,,,SHA256=000b726f62c33dc6000b726f62c33dc6000b726f62c33dc6000b726f62c33dc6
2026-02-10 07:55:44.628,FIN-WS17,svc-build,1,powershell.exe,"powershell.exe",explorer.exe,,,SHA256=0009f76a30ac87fb0009f76a30ac87fb0009f76a30ac87fb0009f76a30ac87fb
2026-02-10 08:05:26.401,BLD-RUN-02,riley.kapoor,1,node,"node",explorer.exe,,,SHA256=000fa6d4027f106e000fa6d4027f106e000fa6d4027f106e000fa6d4027f106e
2026-02-10 08:12:50.015,BLD-RUN-02,svc-export,1,python3,"python3",explorer.exe,,,SHA256=00229b6e08b1744e00229b6e08b1744e00229b6e08b1744e00229b6e08b1744e
2026-02-10 08:23:42.098,ENG-MAC-04,svc-build,1,python3,"python3",systemd,,,SHA256=0016f046ab8955280016f046ab8955280016f046ab8955280016f046ab895528
2026-02-10 08:31:53.155,FIN-WS22,svc-build,1,slack.exe,"slack.exe",systemd,,,SHA256=00143cbf649f5de400143cbf649f5de400143cbf649f5de400143cbf649f5de4
2026-02-10 08:40:16.922,ENG-MAC-04,morgan.sato,1,sshd,"sshd",launchd,,,SHA256=00205a29cac98dfc00205a29cac98dfc00205a29cac98dfc00205a29cac98dfc
2026-02-10 08:47:53.371,LINUX-JUMP-01,taylor.owens,1,git,"git",launchd,,,SHA256=0011a872fdce2d2b0011a872fdce2d2b0011a872fdce2d2b0011a872fdce2d2b
2026-02-10 08:58:27.293,BLD-RUN-02,taylor.owens,1,outlook.exe,"outlook.exe",systemd,,,SHA256=001ab9338c896949001ab9338c896949001ab9338c896949001ab9338c896949
2026-02-10 09:05:43.887,FIN-WS17,svc-export,1,python3,"python3",systemd,,,SHA256=0008a9eb8eb335060008a9eb8eb335060008a9eb8eb335060008a9eb8eb33506
2026-02-10 09:13:15.534,FIN-WS22,riley.kapoor,1,outlook.exe,"outlook.exe",systemd,,,SHA256=000b62f1f87659c9000b62f1f87659c9000b62f1f87659c9000b62f1f87659c9
2026-02-10 09:17:40.118,ENG-MAC-04,riley.kapoor,1,powershell.exe,"powershell.exe",systemd,,,SHA256=00021783eb7b1fe300021783eb7b1fe300021783eb7b1fe300021783eb7b1fe3
2026-02-10 09:27:29.739,ENG-MAC-04,svc-build,1,sshd,"sshd",explorer.exe,,,SHA256=001ff997ca5447c9001ff997ca5447c9001ff997ca5447c9001ff997ca5447c9
2026-02-10 09:35:17.163,FIN-WS17,taylor.owens,1,chrome.exe,"chrome.exe",cmd.exe,,,SHA256=0007a4b284a89c1c0007a4b284a89c1c0007a4b284a89c1c0007a4b284a89c1c
2026-02-10 09:40:12.198,BLD-RUN-02,svc-export,1,node,"node",systemd,,,SHA256=000f4f9194b5f7a4000f4f9194b5f7a4000f4f9194b5f7a4000f4f9194b5f7a4
2026-02-10 09:46:26.613,ENG-MAC-17,taylor.owens,1,powershell.exe,"powershell.exe",launchd,,,SHA256=00142597ad0c838d00142597ad0c838d00142597ad0c838d00142597ad0c838d
2026-02-10 09:53:28.059,ENG-MAC-04,jamie.patel,1,sshd,"sshd",cmd.exe,,,SHA256=00205a0281d5018000205a0281d5018000205a0281d5018000205a0281d50180
2026-02-10 09:56:33.426,ENG-MAC-04,svc-build,1,chrome.exe,"chrome.exe",systemd,,,SHA256=000db5dad9587a75000db5dad9587a75000db5dad9587a75000db5dad9587a75
2026-02-10 10:05:31.536,ENG-MAC-17,morgan.sato,1,git,"git",explorer.exe,,,SHA256=001bd9596d67764b001bd9596d67764b001bd9596d67764b001bd9596d67764b
2026-02-10 10:12:54.226,FIN-WS22,taylor.owens,1,chrome.exe,"chrome.exe",explorer.exe,,,SHA256=0019245c8aff41900019245c8aff41900019245c8aff41900019245c8aff4190
2026-02-10 10:19:42.580,ENG-MAC-17,morgan.sato,1,node,"node",systemd,,,SHA256=00183f01b0b88df700183f01b0b88df700183f01b0b88df700183f01b0b88df7
2026-02-10 10:29:29.023,LINUX-JUMP-01,alex.chen,1,sshd,"sshd",launchd,,,SHA256=00181a9466bb377300181a9466bb377300181a9466bb377300181a9466bb3773
2026-02-10 10:38:52.581,FIN-WS22,alex.chen,1,chrome.exe,"chrome.exe",systemd,,,SHA256=000456a352c6faf3000456a352c6faf3000456a352c6faf3000456a352c6faf3
2026-02-10 10:48:18.971,FIN-WS17,jamie.patel,1,outlook.exe,"outlook.exe",explorer.exe,,,SHA256=00166a12bdd8c52900166a12bdd8c52900166a12bdd8c52900166a12bdd8c529
2026-02-10 10:58:33.278,FIN-WS17,svc-export,1,node,"node",systemd,,,SHA256=00009c2d1100beeb00009c2d1100beeb00009c2d1100beeb00009c2d1100beeb
2026-02-10 11:05:53.406,FIN-WS17,taylor.owens,1,outlook.exe,"outlook.exe",launchd,,,SHA256=001f259ef33ab20e001f259ef33ab20e001f259ef33ab20e001f259ef33ab20e
2026-02-10 11:15:08.671,ENG-MAC-04,svc-build,1,powershell.exe,"powershell.exe",systemd,,,SHA256=000454fff78a9cc3000454fff78a9cc3000454fff78a9cc3000454fff78a9cc3
2026-02-10 11:24:50.032,FIN-WS22,jamie.patel,1,python3,"python3",launchd,,,SHA256=000ff55d4d4d9aea000ff55d4d4d9aea000ff55d4d4d9aea000ff55d4d4d9aea
2026-02-10 11:28:05.382,ENG-MAC-17,taylor.owens,1,powershell.exe,"powershell.exe",systemd,,,SHA256=001aef41970583d0001aef41970583d0001aef41970583d0001aef41970583d0
2026-02-10 11:34:42.743,ENG-MAC-17,morgan.sato,1,node,"node",explorer.exe,,,SHA256=0009f723621008500009f723621008500009f723621008500009f72362100850
2026-02-10 11:45:02.505,ENG-MAC-04,morgan.sato,1,git,"git",systemd,,,SHA256=000f8f0aa6229057000f8f0aa6229057000f8f0aa6229057000f8f0aa6229057
2026-02-10 11:55:12.205,FIN-WS17,morgan.sato,1,sshd,"sshd",cmd.exe,,,SHA256=001375aa59f5e037001375aa59f5e037001375aa59f5e037001375aa59f5e037
2026-02-10 12:01:37.630,ENG-MAC-17,alex.chen,1,powershell.exe,"powershell.exe",systemd,,,SHA256=000896e2c4997d4a000896e2c4997d4a000896e2c4997d4a000896e2c4997d4a
2026-02-10 12:05:44.932,FIN-WS22,jamie.patel,1,outlook.exe,"outlook.exe",cmd.exe,,,SHA256=00062016bdf02ed800062016bdf02ed800062016bdf02ed800062016bdf02ed8
2026-02-10 12:11:31.351,LINUX-JUMP-01,svc-export,1,chrome.exe,"chrome.exe",launchd,,,SHA256=00022617576ba34000022617576ba34000022617576ba34000022617576ba340
2026-02-10 12:14:07.233,ENG-MAC-17,alex.chen,1,outlook.exe,"outlook.exe",systemd,,,SHA256=0019235b824c82ca0019235b824c82ca0019235b824c82ca0019235b824c82ca
2026-02-10 12:20:08.176,LINUX-JUMP-01,svc-export,1,node,"node",launchd,,,SHA256=00022bbc4b69e0b400022bbc4b69e0b400022bbc4b69e0b400022bbc4b69e0b4
2026-02-10 12:31:11.015,LINUX-JUMP-01,riley.kapoor,1,node,"node",systemd,,,SHA256=000372a1303e585a000372a1303e585a000372a1303e585a000372a1303e585a
2026-02-10 12:38:17.408,ENG-MAC-04,jamie.patel,1,sshd,"sshd",cmd.exe,,,SHA256=002303f16bd00780002303f16bd00780002303f16bd00780002303f16bd00780
2026-02-10 12:48:29.059,ENG-MAC-17,alex.chen,1,slack.exe,"slack.exe",cmd.exe,,,SHA256=00017593427b502e00017593427b502e00017593427b502e00017593427b502e
2026-02-10 12:57:53.164,FIN-WS22,taylor.owens,1,node,"node",cmd.exe,,,SHA256=00050b9ae5fbab9b00050b9ae5fbab9b00050b9ae5fbab9b00050b9ae5fbab9b
2026-02-10 13:02:08.015,BLD-RUN-02,taylor.owens,1,node,"node",launchd,,,SHA256=0021d9d891912d1c0021d9d891912d1c0021d9d891912d1c0021d9d891912d1c
2026-02-10 13:08:38.339,BLD-RUN-02,alex.chen,1,slack.exe,"slack.exe",cmd.exe,,,SHA256=00070368ea486f1000070368ea486f1000070368ea486f1000070368ea486f10
2026-02-10 13:14:47.983,ENG-MAC-17,svc-build,1,node,"node",cmd.exe,,,SHA256=001a4a7e9e36d545001a4a7e9e36d545001a4a7e9e36d545001a4a7e9e36d545
2026-02-10 13:23:32.956,ENG-MAC-17,riley.kapoor,1,python3,"python3",launchd,,,SHA256=0004af5201dc27410004af5201dc27410004af5201dc27410004af5201dc2741
2026-02-10 13:29:28.165,BLD-RUN-02,alex.chen,1,git,"git",cmd.exe,,,SHA256=001fd78c76fcd278001fd78c76fcd278001fd78c76fcd278001fd78c76fcd278
2026-02-10 13:38:52.940,ENG-MAC-04,jamie.patel,1,slack.exe,"slack.exe",launchd,,,SHA256=00223709cd9c775c00223709cd9c775c00223709cd9c775c00223709cd9c775c
2026-02-10 13:44:58.720,FIN-WS22,svc-export,1,git,"git",cmd.exe,,,SHA256=001699e6885b0dc4001699e6885b0dc4001699e6885b0dc4001699e6885b0dc4
2026-02-10 13:51:01.009,BLD-RUN-02,svc-build,1,git,"git",cmd.exe,,,SHA256=000393dabcfcbc1d000393dabcfcbc1d000393dabcfcbc1d000393dabcfcbc1d
2026-02-10 13:55:09.546,ENG-MAC-04,svc-build,1,git,"git",explorer.exe,,,SHA256=0002174ab831c25d0002174ab831c25d0002174ab831c25d0002174ab831c25d
2026-02-10 14:06:36.980,FIN-WS22,alex.chen,1,outlook.exe,"outlook.exe",systemd,,,SHA256=000fa3449a7764c4000fa3449a7764c4000fa3449a7764c4000fa3449a7764c4
2026-02-10 14:16:47.371,ENG-MAC-17,taylor.owens,1,node,"node",cmd.exe,,,SHA256=001466a861e2e3b4001466a861e2e3b4001466a861e2e3b4001466a861e2e3b4
2026-02-10 14:26:10.417,ENG-MAC-04,morgan.sato,1,powershell.exe,"powershell.exe",cmd.exe,,,SHA256=0013b6ac363a15570013b6ac363a15570013b6ac363a15570013b6ac363a1557
2026-02-10 14:37:23.136,FIN-WS22,riley.kapoor,1,outlook.exe,"outlook.exe",cmd.exe,,,SHA256=0002b55a51e272d00002b55a51e272d00002b55a51e272d00002b55a51e272d0
2026-02-10 14:47:04.190,BLD-RUN-02,morgan.sato,1,git,"git",explorer.exe,,,SHA256=0015328ac2c02e1b0015328ac2c02e1b0015328ac2c02e1b0015328ac2c02e1b
2026-02-10 14:58:12.294,FIN-WS22,riley.kapoor,1,python3,"python3",explorer.exe,,,SHA256=00153a7636a07ef200153a7636a07ef200153a7636a07ef200153a7636a07ef2
2026-02-10 15:07:53.101,ENG-MAC-04,morgan.sato,1,sshd,"sshd",systemd,,,SHA256=001b1e5ac14d944f001b1e5ac14d944f001b1e5ac14d944f001b1e5ac14d944f
2026-02-10 15:15:41.259,ENG-MAC-17,svc-build,1,slack.exe,"slack.exe",explorer.exe,,,SHA256=000f479183f1cd67000f479183f1cd67000f479183f1cd67000f479183f1cd67
2026-02-10 15:18:47.410,ENG-MAC-17,svc-export,1,git,"git",systemd,,,SHA256=000fbf98808ad829000fbf98808ad829000fbf98808ad829000fbf98808ad829
2026-02-10 15:23:53.885,LINUX-JUMP-01,svc-export,1,chrome.exe,"chrome.exe",systemd,,,SHA256=00219b05b3c664ae00219b05b3c664ae00219b05b3c664ae00219b05b3c664ae
2026-02-10 15:33:26.663,FIN-WS17,svc-build,1,slack.exe,"slack.exe",launchd,,,SHA256=000e123a2cee1415000e123a2cee1415000e123a2cee1415000e123a2cee1415
2026-02-10 15:40:22.448,FIN-WS22,svc-build,1,chrome.exe,"chrome.exe",launchd,,,SHA256=0015668d193376cb0015668d193376cb0015668d193376cb0015668d193376cb
2026-02-10 15:49:54.898,FIN-WS17,morgan.sato,1,sshd,"sshd",explorer.exe,,,SHA256=00148d47b102212b00148d47b102212b00148d47b102212b00148d47b102212b
2026-02-10 15:55:08.269,FIN-WS17,riley.kapoor,1,slack.exe,"slack.exe",explorer.exe,,,SHA256=001ec80cc9fa66ec001ec80cc9fa66ec001ec80cc9fa66ec001ec80cc9fa66ec
2026-02-10 16:00:43.894,ENG-MAC-04,riley.kapoor,1,powershell.exe,"powershell.exe",systemd,,,SHA256=0010e5395c1bfcf00010e5395c1bfcf00010e5395c1bfcf00010e5395c1bfcf0
2026-02-10 16:04:27.705,FIN-WS22,jamie.patel,1,node,"node",cmd.exe,,,SHA256=00017fb55ab5e63d00017fb55ab5e63d00017fb55ab5e63d00017fb55ab5e63d
2026-02-10 16:13:16.782,ENG-MAC-04,taylor.owens,1,chrome.exe,"chrome.exe",cmd.exe,,,SHA256=0001a0faf4357c4f0001a0faf4357c4f0001a0faf4357c4f0001a0faf4357c4f
2026-02-10 16:17:19.885,BLD-RUN-02,riley.kapoor,1,python3,"python3",cmd.exe,,,SHA256=000864c829b76407000864c829b76407000864c829b76407000864c829b76407
2026-02-10 16:22:19.932,LINUX-JUMP-01,morgan.sato,1,chrome.exe,"chrome.exe",cmd.exe,,,SHA256=0016bf1fe355a7d90016bf1fe355a7d90016bf1fe355a7d90016bf1fe355a7d9
2026-02-10 16:31:23.174,FIN-WS17,svc-build,1,powershell.exe,"powershell.exe",launchd,,,SHA256=002192ccdd5b4d10002192ccdd5b4d10002192ccdd5b4d10002192ccdd5b4d10
2026-02-10 16:41:36.683,ENG-MAC-04,alex.chen,1,outlook.exe,"outlook.exe",cmd.exe,,,SHA256=0011e7d59e1a5d3b0011e7d59e1a5d3b0011e7d59e1a5d3b0011e7d59e1a5d3b
2026-02-10 16:52:27.992,FIN-WS17,riley.kapoor,1,slack.exe,"slack.exe",launchd,,,SHA256=002378344abad62c002378344abad62c002378344abad62c002378344abad62c
2026-02-10 16:56:52.088,FIN-WS22,morgan.sato,1,sshd,"sshd",explorer.exe,,,SHA256=00199bc127bc11ff00199bc127bc11ff00199bc127bc11ff00199bc127bc11ff
2026-02-10 17:01:44.220,FIN-WS22,svc-export,1,sshd,"sshd",explorer.exe,,,SHA256=001e00b97cf44e28001e00b97cf44e28001e00b97cf44e28001e00b97cf44e28
2026-02-10 17:12:03.483,BLD-RUN-02,svc-export,1,node,"node",cmd.exe,,,SHA256=001930a70cefd385001930a70cefd385001930a70cefd385001930a70cefd385
2026-02-10 17:22:42.069,FIN-WS17,riley.kapoor,1,python3,"python3",systemd,,,SHA256=000e8c65807632da000e8c65807632da000e8c65807632da000e8c65807632da
2026-02-10 17:25:47.312,LINUX-JUMP-01,svc-export,1,git,"git",cmd.exe,,,SHA256=0016567661a1e0430016567661a1e0430016567661a1e0430016567661a1e043
2026-02-10 17:36:15.904,FIN-WS22,riley.kapoor,1,slack.exe,"slack.exe",launchd,,,SHA256=000099346eb58582000099346eb58582000099346eb58582000099346eb58582
2026-02-10 17:39:18.254,ENG-MAC-17,morgan.sato,1,node,"node",explorer.exe,,,SHA256=000afe87b057763a000afe87b057763a000afe87b057763a000afe87b057763a
2026-02-10 17:46:21.130,LINUX-JUMP-01,riley.kapoor,1,chrome.exe,"chrome.exe",launchd,,,SHA256=000393b9959c1a67000393b9959c1a67000393b9959c1a67000393b9959c1a67
2026-02-10 17:51:52.337,FIN-WS17,taylor.owens,1,python3,"python3",explorer.exe,,,SHA256=0013cfc46206b2bb0013cfc46206b2bb0013cfc46206b2bb0013cfc46206b2bb
2026-02-10 17:59:24.888,FIN-WS22,svc-build,1,outlook.exe,"outlook.exe",systemd,,,SHA256=0018c79960b0dfae0018c79960b0dfae0018c79960b0dfae0018c79960b0dfae
2026-02-10 18:05:31.347,BLD-RUN-02,svc-export,1,chrome.exe,"chrome.exe",launchd,,,SHA256=0021e0ca84179f5a0021e0ca84179f5a0021e0ca84179f5a0021e0ca84179f5a
2026-02-10 18:10:31.940,ENG-MAC-17,alex.chen,1,powershell.exe,"powershell.exe",explorer.exe,,,SHA256=0021c379d62b577c0021c379d62b577c0021c379d62b577c0021c379d62b577c
2026-02-10 18:14:41.457,ENG-MAC-17,riley.kapoor,1,outlook.exe,"outlook.exe",systemd,,,SHA256=0011a63aab3dc8310011a63aab3dc8310011a63aab3dc8310011a63aab3dc831
2026-02-10 18:17:37.714,ENG-MAC-04,morgan.sato,1,sshd,"sshd",cmd.exe,,,SHA256=0003ecb985d4c14d0003ecb985d4c14d0003ecb985d4c14d0003ecb985d4c14d
2026-02-10 18:22:24.630,FIN-WS17,svc-export,1,powershell.exe,"powershell.exe",cmd.exe,,,SHA256=001934793f82f758001934793f82f758001934793f82f758001934793f82f758
2026-02-10 18:27:41.141,ENG-MAC-04,jamie.patel,1,python3,"python3",cmd.exe,,,SHA256=001b5a06f3c8ae95001b5a06f3c8ae95001b5a06f3c8ae95001b5a06f3c8ae95
2026-02-10 18:33:16.978,FIN-WS17,svc-export,1,git,"git",explorer.exe,,,SHA256=0002097e4c80f1a30002097e4c80f1a30002097e4c80f1a30002097e4c80f1a3
2026-02-10 18:37:40.519,FIN-WS22,jamie.patel,1,slack.exe,"slack.exe",launchd,,,SHA256=000b057a98c7fe97000b057a98c7fe97000b057a98c7fe97000b057a98c7fe97
2026-02-10 18:48:33.884,ENG-MAC-17,svc-export,1,chrome.exe,"chrome.exe",launchd,,,SHA256=001c535984d8509d001c535984d8509d001c535984d8509d001c535984d8509d
2026-02-10 18:59:16.279,FIN-WS17,svc-export,1,outlook.exe,"outlook.exe",launchd,,,SHA256=001c7a3d62ed7d84001c7a3d62ed7d84001c7a3d62ed7d84001c7a3d62ed7d84
2026-02-10 19:09:17.312,FIN-WS22,alex.chen,1,node,"node",systemd,,,SHA256=0015b5655ff1d5c30015b5655ff1d5c30015b5655ff1d5c30015b5655ff1d5c3
2026-02-10 19:17:15.136,FIN-WS17,taylor.owens,1,node,"node",launchd,,,SHA256=001db20efe00a2d6001db20efe00a2d6001db20efe00a2d6001db20efe00a2d6
2026-02-10 19:20:26.360,LINUX-JUMP-01,svc-build,1,sshd,"sshd",systemd,,,SHA256=001689c09682d303001689c09682d303001689c09682d303001689c09682d303
2026-02-10 19:28:50.744,FIN-WS22,alex.chen,1,outlook.exe,"outlook.exe",explorer.exe,,,SHA256=00010a2f06162aec00010a2f06162aec00010a2f06162aec00010a2f06162aec
2026-02-10 19:35:47.740,ENG-MAC-17,alex.chen,1,node,"node",systemd,,,SHA256=001a569d3d408477001a569d3d408477001a569d3d408477001a569d3d408477
2026-02-10 19:42:06.610,FIN-WS17,riley.kapoor,1,powershell.exe,"powershell.exe",cmd.exe,,,SHA256=000652665eaf87e9000652665eaf87e9000652665eaf87e9000652665eaf87e9
2026-02-10 19:52:08.488,FIN-WS17,taylor.owens,1,slack.exe,"slack.exe",cmd.exe,,,SHA256=0006d733dd8d775c0006d733dd8d775c0006d733dd8d775c0006d733dd8d775c
2026-02-10 20:00:47.611,FIN-WS22,morgan.sato,1,python3,"python3",launchd,,,SHA256=000ab4fa314765c9000ab4fa314765c9000ab4fa314765c9000ab4fa314765c9
2026-02-10 20:06:08.825,BLD-RUN-02,svc-export,1,python3,"python3",systemd,,,SHA256=0000410fed465a570000410fed465a570000410fed465a570000410fed465a57
2026-02-10 20:14:57.124,ENG-MAC-17,morgan.sato,1,git,"git",cmd.exe,,,SHA256=00020e281dfabdc300020e281dfabdc300020e281dfabdc300020e281dfabdc3
2026-02-10 20:25:18.742,ENG-MAC-17,svc-build,1,slack.exe,"slack.exe",cmd.exe,,,SHA256=0017bb505380d2eb0017bb505380d2eb0017bb505380d2eb0017bb505380d2eb
2026-02-10 20:30:57.387,FIN-WS22,riley.kapoor,1,powershell.exe,"powershell.exe",systemd,,,SHA256=000976e86b5434e5000976e86b5434e5000976e86b5434e5000976e86b5434e5
2026-02-10 20:38:57.473,FIN-WS17,svc-build,1,slack.exe,"slack.exe",launchd,,,SHA256=0000ab9e114a34330000ab9e114a34330000ab9e114a34330000ab9e114a3433
2026-02-10 20:49:21.318,FIN-WS17,alex.chen,1,chrome.exe,"chrome.exe",explorer.exe,,,SHA256=001274da6b7ac1ec001274da6b7ac1ec001274da6b7ac1ec001274da6b7ac1ec
2026-02-10 20:53:20.664,ENG-MAC-17,svc-export,1,sshd,"sshd",cmd.exe,,,SHA256=00107a21806832e700107a21806832e700107a21806832e700107a21806832e7
2026-02-10 20:57:24.672,FIN-WS22,morgan.sato,1,slack.exe,"slack.exe",systemd,,,SHA256=00044caa877ad66200044caa877ad66200044caa877ad66200044caa877ad662
2026-02-10 21:08:35.670,BLD-RUN-02,alex.chen,1,outlook.exe,"outlook.exe",cmd.exe,,,SHA256=001d63485e6bf28e001d63485e6bf28e001d63485e6bf28e001d63485e6bf28e
2026-02-10 21:16:58.028,FIN-WS17,jamie.patel,1,chrome.exe,"chrome.exe",launchd,,,SHA256=001d9e6a7f4986fd001d9e6a7f4986fd001d9e6a7f4986fd001d9e6a7f4986fd
2026-02-10 21:25:11.040,LINUX-JUMP-01,taylor.owens,1,node,"node",systemd,,,SHA256=0011392a298c07fe0011392a298c07fe0011392a298c07fe0011392a298c07fe
2026-02-10 21:28:38.714,LINUX-JUMP-01,taylor.owens,1,outlook.exe,"outlook.exe",systemd,,,SHA256=00060f98ab876f3500060f98ab876f3500060f98ab876f3500060f98ab876f35
2026-02-10 21:31:21.856,ENG-MAC-17,svc-build,1,sshd,"sshd",cmd.exe,,,SHA256=00162d5c2b3f4d1a00162d5c2b3f4d1a00162d5c2b3f4d1a00162d5c2b3f4d1a
2026-02-10 21:35:13.425,FIN-WS22,jamie.patel,1,sshd,"sshd",explorer.exe,,,SHA256=0007a267611d4c250007a267611d4c250007a267611d4c250007a267611d4c25
2026-02-10 21:42:58.241,FIN-WS22,svc-export,1,powershell.exe,"powershell.exe",launchd,,,SHA256=001a7812d54fa1ce001a7812d54fa1ce001a7812d54fa1ce001a7812d54fa1ce
2026-02-10 21:46:22.883,BLD-RUN-02,svc-export,1,outlook.exe,"outlook.exe",launchd,,,SHA256=00072f9750c38aa600072f9750c38aa600072f9750c38aa600072f9750c38aa6
2026-02-10 21:49:39.966,BLD-RUN-02,svc-build,1,node,"node",launchd,,,SHA256=001ae687ef17f644001ae687ef17f644001ae687ef17f644001ae687ef17f644
2026-02-10 21:55:50.558,FIN-WS22,alex.chen,1,powershell.exe,"powershell.exe",systemd,,,SHA256=000c73d419f144a9000c73d419f144a9000c73d419f144a9000c73d419f144a9
2026-02-10 22:06:45.706,ENG-MAC-17,riley.kapoor,1,sshd,"sshd",cmd.exe,,,SHA256=000a385b613e3a6b000a385b613e3a6b000a385b613e3a6b000a385b613e3a6b
2026-02-10 22:09:18.039,FIN-WS22,morgan.sato,1,outlook.exe,"outlook.exe",launchd,,,SHA256=0017d193af7369d40017d193af7369d40017d193af7369d40017d193af7369d4
2026-02-10 22:16:21.125,BLD-RUN-02,svc-build,1,chrome.exe,"chrome.exe",cmd.exe,,,SHA256=0001efb0b6f70ea80001efb0b6f70ea80001efb0b6f70ea80001efb0b6f70ea8
2026-02-10 22:20:20.312,ENG-MAC-17,jamie.patel,1,node,"node",explorer.exe,,,SHA256=001a630b62730f5e001a630b62730f5e001a630b62730f5e001a630b62730f5e
2026-02-10 22:25:35.597,LINUX-JUMP-01,riley.kapoor,1,chrome.exe,"chrome.exe",cmd.exe,,,SHA256=000ed40faa4751dd000ed40faa4751dd000ed40faa4751dd000ed40faa4751dd
2026-02-10 22:34:54.816,FIN-WS17,svc-export,1,python3,"python3",launchd,,,SHA256=0018afdb661c232d0018afdb661c232d0018afdb661c232d0018afdb661c232d
2026-02-10 22:45:32.995,FIN-WS17,svc-build,1,powershell.exe,"powershell.exe",explorer.exe,,,SHA256=0010815e2aafe89a0010815e2aafe89a0010815e2aafe89a0010815e2aafe89a
2026-02-10 22:56:48.758,LINUX-JUMP-01,taylor.owens,1,powershell.exe,"powershell.exe",explorer.exe,,,SHA256=001ea6f6eac2fe30001ea6f6eac2fe30001ea6f6eac2fe30001ea6f6eac2fe30
2026-02-10 23:07:07.597,ENG-MAC-17,svc-build,1,node,"node",explorer.exe,,,SHA256=0008b71479df59a10008b71479df59a10008b71479df59a10008b71479df59a1
2026-02-10 23:17:49.809,BLD-RUN-02,jamie.patel,1,slack.exe,"slack.exe",launchd,,,SHA256=001ef3e2da9a91f8001ef3e2da9a91f8001ef3e2da9a91f8001ef3e2da9a91f8
2026-02-10 23:22:11.788,FIN-WS22,jamie.patel,1,python3,"python3",explorer.exe,,,SHA256=00003f02a82c1b9e00003f02a82c1b9e00003f02a82c1b9e00003f02a82c1b9e
2026-02-10 23:30:15.925,ENG-MAC-04,alex.chen,1,node,"node",launchd,,,SHA256=00042f144dbe2d9c00042f144dbe2d9c00042f144dbe2d9c00042f144dbe2d9c
2026-02-10 23:33:07.873,FIN-WS17,jamie.patel,1,sshd,"sshd",launchd,,,SHA256=00136a33b414b02600136a33b414b02600136a33b414b02600136a33b414b026
2026-02-10 23:39:40.662,ENG-MAC-04,riley.kapoor,1,slack.exe,"slack.exe",systemd,,,SHA256=001fc401f78115cd001fc401f78115cd001fc401f78115cd001fc401f78115cd
2026-02-10 23:46:31.921,FIN-WS22,alex.chen,1,chrome.exe,"chrome.exe",explorer.exe,,,SHA256=000145b13e29e7ef000145b13e29e7ef000145b13e29e7ef000145b13e29e7ef
2026-02-10 23:56:40.968,FIN-WS22,alex.chen,1,powershell.exe,"powershell.exe",systemd,,,SHA256=00166103de976c3700166103de976c3700166103de976c3700166103de976c37
2026-02-11 00:08:03.193,ENG-MAC-17,svc-export,1,git,"git",explorer.exe,,,SHA256=002107b33a49ec50002107b33a49ec50002107b33a49ec50002107b33a49ec50
2026-02-11 00:18:55.076,ENG-MAC-17,svc-export,1,node,"node",launchd,,,SHA256=002343ad3385221a002343ad3385221a002343ad3385221a002343ad3385221a
2026-02-11 00:26:48.343,ENG-MAC-04,riley.kapoor,1,git,"git",cmd.exe,,,SHA256=001d01a22cdae9fa001d01a22cdae9fa001d01a22cdae9fa001d01a22cdae9fa
2026-02-11 00:33:08.744,LINUX-JUMP-01,alex.chen,1,git,"git",cmd.exe,,,SHA256=001d6e4413b2f227001d6e4413b2f227001d6e4413b2f227001d6e4413b2f227
2026-02-11 00:43:55.193,LINUX-JUMP-01,alex.chen,1,outlook.exe,"outlook.exe",cmd.exe,,,SHA256=000b5eeee01f78f6000b5eeee01f78f6000b5eeee01f78f6000b5eeee01f78f6
2026-02-11 00:54:48.701,ENG-MAC-04,svc-build,1,chrome.exe,"chrome.exe",systemd,,,SHA256=00065589d4b59d9d00065589d4b59d9d00065589d4b59d9d00065589d4b59d9d
2026-02-11 01:03:26.505,ENG-MAC-04,svc-export,1,sshd,"sshd",systemd,,,SHA256=000eb2ba78b21de1000eb2ba78b21de1000eb2ba78b21de1000eb2ba78b21de1
2026-02-11 01:10:12.797,BLD-RUN-02,jamie.patel,1,powershell.exe,"powershell.exe",cmd.exe,,,SHA256=001e53fcb999e8a6001e53fcb999e8a6001e53fcb999e8a6001e53fcb999e8a6
2026-02-11 01:14:49.814,ENG-MAC-17,svc-export,1,slack.exe,"slack.exe",explorer.exe,,,SHA256=001ac6f5728c8066001ac6f5728c8066001ac6f5728c8066001ac6f5728c8066
2026-02-11 01:24:46.963,ENG-MAC-17,jamie.patel,1,powershell.exe,"powershell.exe",cmd.exe,,,SHA256=000adde35d4311ee000adde35d4311ee000adde35d4311ee000adde35d4311ee
2026-02-11 01:30:54.997,FIN-WS22,morgan.sato,1,sshd,"sshd",launchd,,,SHA256=001fbbe04e6532fb001fbbe04e6532fb001fbbe04e6532fb001fbbe04e6532fb
2026-02-11 01:34:49.748,FIN-WS17,riley.kapoor,1,sshd,"sshd",explorer.exe,,,SHA256=001b80dba2b2c185001b80dba2b2c185001b80dba2b2c185001b80dba2b2c185
2026-02-11 01:41:16.881,BLD-RUN-02,taylor.owens,1,outlook.exe,"outlook.exe",launchd,,,SHA256=00113ee6b49927de00113ee6b49927de00113ee6b49927de00113ee6b49927de
2026-02-11 01:51:25.769,FIN-WS22,morgan.sato,1,git,"git",systemd,,,SHA256=00219d4d958aaaf400219d4d958aaaf400219d4d958aaaf400219d4d958aaaf4
2026-02-11 01:54:35.830,FIN-WS17,riley.kapoor,1,powershell.exe,"powershell.exe",explorer.exe,,,SHA256=001dab390d4c2f50001dab390d4c2f50001dab390d4c2f50001dab390d4c2f50
2026-02-11 02:03:00.091,FIN-WS17,svc-export,1,slack.exe,"slack.exe",systemd,,,SHA256=0015df88c1875ea50015df88c1875ea50015df88c1875ea50015df88c1875ea5
2026-02-11 02:13:34.846,BLD-RUN-02,alex.chen,1,chrome.exe,"chrome.exe",systemd,,,SHA256=000e82cccbd21b12000e82cccbd21b12000e82cccbd21b12000e82cccbd21b12
2026-02-11 02:20:26.138,LINUX-JUMP-01,svc-build,1,outlook.exe,"outlook.exe",launchd,,,SHA256=00028ba7bfb3066e00028ba7bfb3066e00028ba7bfb3066e00028ba7bfb3066e
2026-02-11 02:27:47.385,LINUX-JUMP-01,morgan.sato,1,powershell.exe,"powershell.exe",launchd,,,SHA256=0005aff051b9631f0005aff051b9631f0005aff051b9631f0005aff051b9631f
2026-02-11 02:34:30.391,FIN-WS17,svc-export,1,chrome.exe,"chrome.exe",cmd.exe,,,SHA256=000737ccce17097d000737ccce17097d000737ccce17097d000737ccce17097d
2026-02-11 02:40:35.683,ENG-MAC-04,morgan.sato,1,python3,"python3",explorer.exe,,,SHA256=001bf529121e67ab001bf529121e67ab001bf529121e67ab001bf529121e67ab
2026-02-11 02:44:37.728,ENG-MAC-04,svc-export,1,chrome.exe,"chrome.exe",systemd,,,SHA256=0013b380f4dad36a0013b380f4dad36a0013b380f4dad36a0013b380f4dad36a
2026-02-11 02:55:15.014,ENG-MAC-04,taylor.owens,1,chrome.exe,"chrome.exe",systemd,,,SHA256=0009876e9378ac5b0009876e9378ac5b0009876e9378ac5b0009876e9378ac5b
2026-02-11 02:57:51.901,LINUX-JUMP-01,morgan.sato,1,outlook.exe,"outlook.exe",systemd,,,SHA256=001cf44f55b63a99001cf44f55b63a99001cf44f55b63a99001cf44f55b63a99
2026-02-11 03:05:04.949,FIN-WS22,morgan.sato,1,outlook.exe,"outlook.exe",explorer.exe,,,SHA256=000ab0918a03a8c4000ab0918a03a8c4000ab0918a03a8c4000ab0918a03a8c4
2026-02-11 03:10:26.275,ENG-MAC-04,jamie.patel,1,slack.exe,"slack.exe",systemd,,,SHA256=0010f508114341cf0010f508114341cf0010f508114341cf0010f508114341cf
2026-02-11 03:13:24.291,ENG-MAC-04,svc-export,1,node,"node",explorer.exe,,,SHA256=001168f1c8370a28001168f1c8370a28001168f1c8370a28001168f1c8370a28
2026-02-11 03:20:50.566,LINUX-JUMP-01,alex.chen,1,git,"git",explorer.exe,,,SHA256=00171558b774311700171558b774311700171558b774311700171558b7743117
2026-02-11 03:30:51.984,ENG-MAC-04,taylor.owens,1,slack.exe,"slack.exe",explorer.exe,,,SHA256=000e5636449b826d000e5636449b826d000e5636449b826d000e5636449b826d
2026-02-11 03:38:59.935,FIN-WS22,morgan.sato,1,sshd,"sshd",systemd,,,SHA256=000915c7975741d5000915c7975741d5000915c7975741d5000915c7975741d5
2026-02-11 03:41:31.933,BLD-RUN-02,svc-build,1,slack.exe,"slack.exe",cmd.exe,,,SHA256=001e3500675c8060001e3500675c8060001e3500675c8060001e3500675c8060
2026-02-11 03:47:43.453,ENG-MAC-17,svc-build,1,powershell.exe,"powershell.exe",systemd,,,SHA256=0003bfbf09165a290003bfbf09165a290003bfbf09165a290003bfbf09165a29
2026-02-11 03:58:05.286,ENG-MAC-17,jamie.patel,1,slack.exe,"slack.exe",launchd,,,SHA256=0023380c9cac6d2a0023380c9cac6d2a0023380c9cac6d2a0023380c9cac6d2a
2026-02-11 04:07:09.531,LINUX-JUMP-01,svc-export,1,slack.exe,"slack.exe",launchd,,,SHA256=0014688e2ff593890014688e2ff593890014688e2ff593890014688e2ff59389
2026-02-11 04:10:09.362,FIN-WS17,taylor.owens,1,git,"git",cmd.exe,,,SHA256=00051c4c020d4b1100051c4c020d4b1100051c4c020d4b1100051c4c020d4b11
2026-02-11 04:17:36.572,ENG-MAC-04,taylor.owens,1,slack.exe,"slack.exe",launchd,,,SHA256=001ef8d6e8998899001ef8d6e8998899001ef8d6e8998899001ef8d6e8998899
2026-02-11 04:28:48.025,ENG-MAC-17,taylor.owens,1,sshd,"sshd",explorer.exe,,,SHA256=000db8eff3b2d173000db8eff3b2d173000db8eff3b2d173000db8eff3b2d173
2026-02-11 04:32:37.709,ENG-MAC-04,morgan.sato,1,outlook.exe,"outlook.exe",launchd,,,SHA256=0004cc09b5c6a64c0004cc09b5c6a64c0004cc09b5c6a64c0004cc09b5c6a64c
2026-02-11 04:41:53.936,ENG-MAC-17,taylor.owens,1,slack.exe,"slack.exe",explorer.exe,,,SHA256=000b8a6e3c9d61fe000b8a6e3c9d61fe000b8a6e3c9d61fe000b8a6e3c9d61fe
2026-02-11 04:47:59.114,FIN-WS17,alex.chen,1,python3,"python3",explorer.exe,,,SHA256=001d9d4d19bafc3f001d9d4d19bafc3f001d9d4d19bafc3f001d9d4d19bafc3f
2026-02-11 04:58:08.733,ENG-MAC-04,alex.chen,1,outlook.exe,"outlook.exe",systemd,,,SHA256=001669aa609b7334001669aa609b7334001669aa609b7334001669aa609b7334
2026-02-11 05:05:32.005,ENG-MAC-17,svc-export,1,sshd,"sshd",systemd,,,SHA256=0007b0b5d9e548530007b0b5d9e548530007b0b5d9e548530007b0b5d9e54853
2026-02-11 05:14:02.830,BLD-RUN-02,taylor.owens,1,python3,"python3",launchd,,,SHA256=00075e66bda54c1c00075e66bda54c1c00075e66bda54c1c00075e66bda54c1c
2026-02-11 05:16:49.088,ENG-MAC-17,riley.kapoor,1,git,"git",explorer.exe,,,SHA256=001c020feb99398b001c020feb99398b001c020feb99398b001c020feb99398b
2026-02-11 05:20:22.126,LINUX-JUMP-01,taylor.owens,1,sshd,"sshd",explorer.exe,,,SHA256=000365d9749d2d4b000365d9749d2d4b000365d9749d2d4b000365d9749d2d4b
2026-02-11 05:25:36.803,FIN-WS22,svc-build,1,outlook.exe,"outlook.exe",systemd,,,SHA256=0001b6f765ca26260001b6f765ca26260001b6f765ca26260001b6f765ca2626
2026-02-11 05:37:04.569,ENG-MAC-17,morgan.sato,1,chrome.exe,"chrome.exe",cmd.exe,,,SHA256=001109afad4e4316001109afad4e4316001109afad4e4316001109afad4e4316
2026-02-11 05:45:25.366,FIN-WS22,svc-build,1,python3,"python3",cmd.exe,,,SHA256=0022a672cbd6b1000022a672cbd6b1000022a672cbd6b1000022a672cbd6b100
2026-02-11 05:51:55.106,FIN-WS22,jamie.patel,1,slack.exe,"slack.exe",cmd.exe,,,SHA256=000e2c40df8cfd0f000e2c40df8cfd0f000e2c40df8cfd0f000e2c40df8cfd0f
2026-02-11 05:58:19.218,ENG-MAC-04,jamie.patel,1,sshd,"sshd",cmd.exe,,,SHA256=0023626ff60c1a240023626ff60c1a240023626ff60c1a240023626ff60c1a24
2026-02-11 06:09:23.230,LINUX-JUMP-01,riley.kapoor,1,node,"node",explorer.exe,,,SHA256=00010af809c1a6c700010af809c1a6c700010af809c1a6c700010af809c1a6c7
2026-02-11 06:15:21.138,BLD-RUN-02,alex.chen,1,slack.exe,"slack.exe",explorer.exe,,,SHA256=000ed1dbb40b36b3000ed1dbb40b36b3000ed1dbb40b36b3000ed1dbb40b36b3
2026-02-11 06:23:52.901,FIN-WS17,jamie.patel,1,node,"node",cmd.exe,,,SHA256=0016b6f92a515dc60016b6f92a515dc60016b6f92a515dc60016b6f92a515dc6
2026-02-11 06:33:03.870,LINUX-JUMP-01,jamie.patel,1,python3,"python3",cmd.exe,,,SHA256=0013de8be2a24bfb0013de8be2a24bfb0013de8be2a24bfb0013de8be2a24bfb
2026-02-11 06:44:30.287,LINUX-JUMP-01,taylor.owens,1,outlook.exe,"outlook.exe",launchd,,,SHA256=0014ba9d3c8cc0c50014ba9d3c8cc0c50014ba9d3c8cc0c50014ba9d3c8cc0c5
2026-02-11 06:50:33.769,BLD-RUN-02,jamie.patel,1,outlook.exe,"outlook.exe",systemd,,,SHA256=0002a3ece14549d10002a3ece14549d10002a3ece14549d10002a3ece14549d1
2026-02-11 06:59:00.374,ENG-MAC-04,morgan.sato,1,outlook.exe,"outlook.exe",launchd,,,SHA256=00216c50220af42c00216c50220af42c00216c50220af42c00216c50220af42c
2026-02-11 07:04:51.575,LINUX-JUMP-01,svc-build,1,slack.exe,"slack.exe",systemd,,,SHA256=00067b04cec0203100067b04cec0203100067b04cec0203100067b04cec02031
2026-02-11 07:14:59.122,LINUX-JUMP-01,jamie.patel,1,powershell.exe,"powershell.exe",explorer.exe,,,SHA256=001764e5a5a5d7d2001764e5a5a5d7d2001764e5a5a5d7d2001764e5a5a5d7d2
2026-02-11 07:20:06.063,ENG-MAC-17,svc-export,1,git,"git",systemd,,,SHA256=001cd8a4e7d22c18001cd8a4e7d22c18001cd8a4e7d22c18001cd8a4e7d22c18
2026-02-11 07:31:33.479,FIN-WS17,alex.chen,1,python3,"python3",cmd.exe,,,SHA256=000b002667a389f1000b002667a389f1000b002667a389f1000b002667a389f1
2026-02-11 07:39:36.933,FIN-WS22,jamie.patel,1,powershell.exe,"powershell.exe",systemd,,,SHA256=001f2bb986b0f7a0001f2bb986b0f7a0001f2bb986b0f7a0001f2bb986b0f7a0
2026-02-11 07:45:17.181,ENG-MAC-17,morgan.sato,1,outlook.exe,"outlook.exe",systemd,,,SHA256=001d4ad1b6a8936a001d4ad1b6a8936a001d4ad1b6a8936a001d4ad1b6a8936a
2026-02-11 07:55:33.934,LINUX-JUMP-01,jamie.patel,1,git,"git",explorer.exe,,,SHA256=00065c3ee250c95c00065c3ee250c95c00065c3ee250c95c00065c3ee250c95c
2026-02-11 08:02:15.880,LINUX-JUMP-01,morgan.sato,1,python3,"python3",explorer.exe,,,SHA256=001c992760cf593a001c992760cf593a001c992760cf593a001c992760cf593a
2026-02-11 08:05:19.834,LINUX-JUMP-01,alex.chen,1,sshd,"sshd",systemd,,,SHA256=00176d1d4841bef400176d1d4841bef400176d1d4841bef400176d1d4841bef4
2026-02-11 08:08:50.803,ENG-MAC-04,taylor.owens,1,git,"git",cmd.exe,,,SHA256=0009fe92e335af3a0009fe92e335af3a0009fe92e335af3a0009fe92e335af3a
2026-02-11 08:12:35.486,ENG-MAC-17,morgan.sato,1,outlook.exe,"outlook.exe",systemd,,,SHA256=0000022ff91b6f020000022ff91b6f020000022ff91b6f020000022ff91b6f02
2026-02-11 08:18:35.723,BLD-RUN-02,morgan.sato,1,node,"node",cmd.exe,,,SHA256=0000bccfaeeea81c0000bccfaeeea81c0000bccfaeeea81c0000bccfaeeea81c
2026-02-11 08:21:25.855,FIN-WS17,alex.chen,1,python3,"python3",explorer.exe,,,SHA256=001c3ddf83ff4e2e001c3ddf83ff4e2e001c3ddf83ff4e2e001c3ddf83ff4e2e
2026-02-11 08:32:37.689,FIN-WS22,svc-build,1,chrome.exe,"chrome.exe",launchd,,,SHA256=001a8acf6285fea5001a8acf6285fea5001a8acf6285fea5001a8acf6285fea5
2026-02-11 08:41:36.491,FIN-WS17,svc-export,1,slack.exe,"slack.exe",systemd,,,SHA256=001bb887c7f05387001bb887c7f05387001bb887c7f05387001bb887c7f05387
2026-02-11 08:50:37.561,FIN-WS22,morgan.sato,1,node,"node",launchd,,,SHA256=001f4bb8d4acb427001f4bb8d4acb427001f4bb8d4acb427001f4bb8d4acb427
2026-02-11 08:56:30.577,FIN-WS17,morgan.sato,1,git,"git",cmd.exe,,,SHA256=001ea2db5c359823001ea2db5c359823001ea2db5c359823001ea2db5c359823
2026-02-11 09:01:22.033,ENG-MAC-17,riley.kapoor,1,node,"node",systemd,,,SHA256=00176e99565fc04000176e99565fc04000176e99565fc04000176e99565fc040
2026-02-11 09:08:07.283,LINUX-JUMP-01,morgan.sato,1,powershell.exe,"powershell.exe",cmd.exe,,,SHA256=0020b4bf7d6aedf80020b4bf7d6aedf80020b4bf7d6aedf80020b4bf7d6aedf8
2026-02-11 09:10:44.445,ENG-MAC-04,svc-build,1,slack.exe,"slack.exe",launchd,,,SHA256=001a862d73b5edd7001a862d73b5edd7001a862d73b5edd7001a862d73b5edd7
2026-02-11 09:17:42.802,ENG-MAC-17,svc-build,1,python3,"python3",cmd.exe,,,SHA256=0016325abd41a9fb0016325abd41a9fb0016325abd41a9fb0016325abd41a9fb
2026-02-11 09:28:47.317,LINUX-JUMP-01,alex.chen,1,slack.exe,"slack.exe",explorer.exe,,,SHA256=00187ffc8243415500187ffc8243415500187ffc8243415500187ffc82434155
2026-02-11 09:35:46.054,ENG-MAC-04,taylor.owens,1,slack.exe,"slack.exe",launchd,,,SHA256=001a99f7b44e1d79001a99f7b44e1d79001a99f7b44e1d79001a99f7b44e1d79
2026-02-11 09:39:25.162,FIN-WS22,alex.chen,1,powershell.exe,"powershell.exe",cmd.exe,,,SHA256=001db5da086e8422001db5da086e8422001db5da086e8422001db5da086e8422
2026-02-11 09:49:01.677,BLD-RUN-02,riley.kapoor,1,slack.exe,"slack.exe",cmd.exe,,,SHA256=00196f19912e7ab400196f19912e7ab400196f19912e7ab400196f19912e7ab4
2026-02-11 09:56:01.748,BLD-RUN-02,jamie.patel,1,chrome.exe,"chrome.exe",launchd,,,SHA256=00142a31d7bad16100142a31d7bad16100142a31d7bad16100142a31d7bad161
2026-02-11 10:02:23.552,BLD-RUN-02,taylor.owens,1,node,"node",cmd.exe,,,SHA256=000ccc3a395420c0000ccc3a395420c0000ccc3a395420c0000ccc3a395420c0
2026-02-11 10:12:21.630,FIN-WS22,morgan.sato,1,powershell.exe,"powershell.exe",cmd.exe,,,SHA256=00220974dc463fee00220974dc463fee00220974dc463fee00220974dc463fee
2026-02-11 10:17:42.721,BLD-RUN-02,alex.chen,1,python3,"python3",explorer.exe,,,SHA256=0004e5242f1a8a9e0004e5242f1a8a9e0004e5242f1a8a9e0004e5242f1a8a9e
2026-02-11 10:25:31.362,BLD-RUN-02,svc-build,1,git,"git",cmd.exe,,,SHA256=0007e1c8849b05970007e1c8849b05970007e1c8849b05970007e1c8849b0597
2026-02-11 10:28:24.194,LINUX-JUMP-01,svc-export,1,python3,"python3",explorer.exe,,,SHA256=0009af45ab4d5d980009af45ab4d5d980009af45ab4d5d980009af45ab4d5d98
2026-02-11 10:32:11.458,FIN-WS22,taylor.owens,1,slack.exe,"slack.exe",launchd,,,SHA256=0013b440597eaf9a0013b440597eaf9a0013b440597eaf9a0013b440597eaf9a
2026-02-11 10:42:07.766,ENG-MAC-17,svc-build,1,slack.exe,"slack.exe",systemd,,,SHA256=00144e0963f052df00144e0963f052df00144e0963f052df00144e0963f052df
2026-02-11 10:50:35.780,ENG-MAC-17,jamie.patel,1,node,"node",launchd,,,SHA256=00082c08546e4c5e00082c08546e4c5e00082c08546e4c5e00082c08546e4c5e
2026-02-11 10:54:38.578,LINUX-JUMP-01,morgan.sato,1,git,"git",cmd.exe,,,SHA256=001fb5193689f861001fb5193689f861001fb5193689f861001fb5193689f861
2026-02-11 11:02:00.650,ENG-MAC-17,jamie.patel,1,powershell.exe,"powershell.exe",cmd.exe,,,SHA256=000227b921dda273000227b921dda273000227b921dda273000227b921dda273
2026-02-11 11:05:13.798,ENG-MAC-17,alex.chen,1,node,"node",launchd,,,SHA256=0011c646a8a084ef0011c646a8a084ef0011c646a8a084ef0011c646a8a084ef
2026-02-11 11:10:01.623,FIN-WS22,jamie.patel,1,node,"node",cmd.exe,,,SHA256=0014b29af54ad0cd0014b29af54ad0cd0014b29af54ad0cd0014b29af54ad0cd
2026-02-11 11:21:02.406,FIN-WS22,taylor.owens,1,python3,"python3",explorer.exe,,,SHA256=001c3c406b8e3b8d001c3c406b8e3b8d001c3c406b8e3b8d001c3c406b8e3b8d
2026-02-11 11:32:01.475,ENG-MAC-04,svc-build,1,outlook.exe,"outlook.exe",cmd.exe,,,SHA256=0014598b08c9f43f0014598b08c9f43f0014598b08c9f43f0014598b08c9f43f
2026-02-11 11:38:55.707,BLD-RUN-02,svc-export,1,slack.exe,"slack.exe",explorer.exe,,,SHA256=000525d1b0b31a1a000525d1b0b31a1a000525d1b0b31a1a000525d1b0b31a1a
2026-02-11 11:42:48.579,ENG-MAC-17,jamie.patel,1,chrome.exe,"chrome.exe",cmd.exe,,,SHA256=001af8536f55ae34001af8536f55ae34001af8536f55ae34001af8536f55ae34
2026-02-11 11:48:16.808,BLD-RUN-02,riley.kapoor,1,node,"node",launchd,,,SHA256=001cee803f58cf23001cee803f58cf23001cee803f58cf23001cee803f58cf23
2026-02-11 11:55:30.486,LINUX-JUMP-01,svc-export,1,slack.exe,"slack.exe",cmd.exe,,,SHA256=001d8eda8111a8b4001d8eda8111a8b4001d8eda8111a8b4001d8eda8111a8b4
2026-02-11 11:58:37.937,ENG-MAC-17,svc-build,1,python3,"python3",systemd,,,SHA256=000785a5e55e3303000785a5e55e3303000785a5e55e3303000785a5e55e3303
2026-02-11 12:04:23.128,ENG-MAC-17,jamie.patel,1,outlook.exe,"outlook.exe",cmd.exe,,,SHA256=000428215f327394000428215f327394000428215f327394000428215f327394
2026-02-11 12:15:45.078,ENG-MAC-04,riley.kapoor,1,node,"node",explorer.exe,,,SHA256=0021c595886dc03e0021c595886dc03e0021c595886dc03e0021c595886dc03e
2026-02-11 12:21:21.703,ENG-MAC-04,morgan.sato,1,sshd,"sshd",explorer.exe,,,SHA256=00126b686c2256ff00126b686c2256ff00126b686c2256ff00126b686c2256ff
2026-02-11 12:30:10.057,FIN-WS22,svc-build,1,python3,"python3",systemd,,,SHA256=00101c046ba8c71e00101c046ba8c71e00101c046ba8c71e00101c046ba8c71e
2026-02-11 12:40:34.927,BLD-RUN-02,svc-build,1,slack.exe,"slack.exe",explorer.exe,,,SHA256=00150c14d2e0f72400150c14d2e0f72400150c14d2e0f72400150c14d2e0f724
2026-02-11 12:47:00.814,ENG-MAC-04,morgan.sato,1,powershell.exe,"powershell.exe",explorer.exe,,,SHA256=0002fb7d5630588c0002fb7d5630588c0002fb7d5630588c0002fb7d5630588c
2026-02-11 12:56:29.945,FIN-WS22,jamie.patel,1,chrome.exe,"chrome.exe",launchd,,,SHA256=001e860a5ceae53f001e860a5ceae53f001e860a5ceae53f001e860a5ceae53f
2026-02-11 13:05:21.221,ENG-MAC-17,jamie.patel,1,git,"git",systemd,,,SHA256=00017d4b951b243200017d4b951b243200017d4b951b243200017d4b951b2432
2026-02-11 13:10:30.845,LINUX-JUMP-01,svc-build,1,chrome.exe,"chrome.exe",launchd,,,SHA256=00196007fbbe79cd00196007fbbe79cd00196007fbbe79cd00196007fbbe79cd
2026-02-11 13:18:02.460,ENG-MAC-04,riley.kapoor,1,git,"git",launchd,,,SHA256=0011f42c020dc5d20011f42c020dc5d20011f42c020dc5d20011f42c020dc5d2
2026-02-11 13:27:19.321,LINUX-JUMP-01,svc-build,1,powershell.exe,"powershell.exe",launchd,,,SHA256=001374926ee49409001374926ee49409001374926ee49409001374926ee49409
2026-02-11 13:36:28.545,FIN-WS17,jamie.patel,1,slack.exe,"slack.exe",systemd,,,SHA256=001ac8582abe3de0001ac8582abe3de0001ac8582abe3de0001ac8582abe3de0
2026-02-11 13:40:41.661,FIN-WS22,riley.kapoor,1,slack.exe,"slack.exe",systemd,,,SHA256=00210adf70be1aac00210adf70be1aac00210adf70be1aac00210adf70be1aac
2026-02-11 13:46:29.264,ENG-MAC-17,riley.kapoor,1,node,"node",explorer.exe,,,SHA256=00092a998ea7916400092a998ea7916400092a998ea7916400092a998ea79164
2026-02-11 13:56:31.880,FIN-WS22,morgan.sato,1,outlook.exe,"outlook.exe",launchd,,,SHA256=0022b068cdd159e40022b068cdd159e40022b068cdd159e40022b068cdd159e4
2026-02-11 14:07:54.387,FIN-WS17,jamie.patel,1,node,"node",launchd,,,SHA256=00226b13555dcd1400226b13555dcd1400226b13555dcd1400226b13555dcd14
2026-02-11 14:13:36.410,FIN-WS17,riley.kapoor,1,powershell.exe,"powershell.exe",launchd,,,SHA256=0008b37045c49a940008b37045c49a940008b37045c49a940008b37045c49a94
2026-02-11 14:17:13.633,ENG-MAC-04,riley.kapoor,1,sshd,"sshd",systemd,,,SHA256=000a5cb51e58e7af000a5cb51e58e7af000a5cb51e58e7af000a5cb51e58e7af
2026-02-11 14:20:31.412,LINUX-JUMP-01,jamie.patel,1,node,"node",cmd.exe,,,SHA256=001bc8e6331b8ecd001bc8e6331b8ecd001bc8e6331b8ecd001bc8e6331b8ecd
2026-02-11 14:29:07.532,ENG-MAC-04,morgan.sato,1,sshd,"sshd",cmd.exe,,,SHA256=00110a1dde213f9700110a1dde213f9700110a1dde213f9700110a1dde213f97
2026-02-11 14:38:59.391,ENG-MAC-04,taylor.owens,1,python3,"python3",launchd,,,SHA256=00062032f4376f8a00062032f4376f8a00062032f4376f8a00062032f4376f8a
2026-02-11 14:48:24.896,FIN-WS17,morgan.sato,1,slack.exe,"slack.exe",cmd.exe,,,SHA256=000f41a0277cafb1000f41a0277cafb1000f41a0277cafb1000f41a0277cafb1
2026-02-11 14:57:37.409,ENG-MAC-04,riley.kapoor,1,sshd,"sshd",launchd,,,SHA256=0018f55283abe7b20018f55283abe7b20018f55283abe7b20018f55283abe7b2
2026-02-11 15:08:23.288,LINUX-JUMP-01,taylor.owens,1,outlook.exe,"outlook.exe",cmd.exe,,,SHA256=00041c71cb6b778000041c71cb6b778000041c71cb6b778000041c71cb6b7780
2026-02-11 15:17:04.834,ENG-MAC-17,jamie.patel,1,sshd,"sshd",cmd.exe,,,SHA256=0023798e8870284a0023798e8870284a0023798e8870284a0023798e8870284a
2026-02-11 15:25:19.477,ENG-MAC-04,jamie.patel,1,slack.exe,"slack.exe",systemd,,,SHA256=000539586284727e000539586284727e000539586284727e000539586284727e
2026-02-11 15:34:24.181,ENG-MAC-04,taylor.owens,1,powershell.exe,"powershell.exe",cmd.exe,,,SHA256=001a897bb2a3c1f9001a897bb2a3c1f9001a897bb2a3c1f9001a897bb2a3c1f9
2026-02-11 15:44:17.483,FIN-WS17,riley.kapoor,1,git,"git",systemd,,,SHA256=000656c419055abb000656c419055abb000656c419055abb000656c419055abb
2026-02-11 15:54:04.215,FIN-WS22,alex.chen,1,python3,"python3",explorer.exe,,,SHA256=000cb434719e1fbf000cb434719e1fbf000cb434719e1fbf000cb434719e1fbf
2026-02-11 16:01:12.474,BLD-RUN-02,svc-export,1,slack.exe,"slack.exe",launchd,,,SHA256=0005da06b2dc12bb0005da06b2dc12bb0005da06b2dc12bb0005da06b2dc12bb
2026-02-11 16:12:20.130,BLD-RUN-02,morgan.sato,1,sshd,"sshd",explorer.exe,,,SHA256=0018194fb646bef80018194fb646bef80018194fb646bef80018194fb646bef8
2026-02-11 16:23:29.368,ENG-MAC-04,svc-export,1,python3,"python3",systemd,,,SHA256=00187b7ddad6328b00187b7ddad6328b00187b7ddad6328b00187b7ddad6328b
2026-02-11 16:28:01.232,LINUX-JUMP-01,svc-build,1,sshd,"sshd",cmd.exe,,,SHA256=00044d3b929c808d00044d3b929c808d00044d3b929c808d00044d3b929c808d
2026-02-11 16:39:25.638,FIN-WS22,alex.chen,1,git,"git",cmd.exe,,,SHA256=001e3f294b965424001e3f294b965424001e3f294b965424001e3f294b965424
2026-02-11 16:46:02.176,FIN-WS22,taylor.owens,1,sshd,"sshd",cmd.exe,,,SHA256=001cb6a23fd0af7c001cb6a23fd0af7c001cb6a23fd0af7c001cb6a23fd0af7c
2026-02-11 16:49:48.435,ENG-MAC-17,svc-export,1,slack.exe,"slack.exe",systemd,,,SHA256=000ffa757ae6db04000ffa757ae6db04000ffa757ae6db04000ffa757ae6db04
2026-02-11 16:56:29.441,ENG-MAC-17,svc-build,1,slack.exe,"slack.exe",explorer.exe,,,SHA256=0015461768e7988a0015461768e7988a0015461768e7988a0015461768e7988a
2026-02-11 17:00:06.769,ENG-MAC-17,alex.chen,1,node,"node",cmd.exe,,,SHA256=000faf705f253308000faf705f253308000faf705f253308000faf705f253308
2026-02-11 17:05:20.346,ENG-MAC-17,jamie.patel,1,git,"git",systemd,,,SHA256=0003b446e6f4cf440003b446e6f4cf440003b446e6f4cf440003b446e6f4cf44
2026-02-11 17:12:00.128,ENG-MAC-17,morgan.sato,1,chrome.exe,"chrome.exe",launchd,,,SHA256=00208a16b135c28e00208a16b135c28e00208a16b135c28e00208a16b135c28e
2026-02-11 17:20:07.539,FIN-WS22,svc-build,1,sshd,"sshd",explorer.exe,,,SHA256=0001dd7725437c3d0001dd7725437c3d0001dd7725437c3d0001dd7725437c3d
2026-02-11 17:26:35.505,FIN-WS22,alex.chen,1,outlook.exe,"outlook.exe",systemd,,,SHA256=000249ee68650bca000249ee68650bca000249ee68650bca000249ee68650bca
2026-02-11 17:32:27.510,ENG-MAC-17,alex.chen,1,slack.exe,"slack.exe",launchd,,,SHA256=0015ad05b6cf50860015ad05b6cf50860015ad05b6cf50860015ad05b6cf5086
2026-02-11 17:41:25.471,FIN-WS22,taylor.owens,1,sshd,"sshd",systemd,,,SHA256=001f58b718cdb967001f58b718cdb967001f58b718cdb967001f58b718cdb967
2026-02-11 17:46:27.310,BLD-RUN-02,alex.chen,1,outlook.exe,"outlook.exe",cmd.exe,,,SHA256=00128bff25d4fa6800128bff25d4fa6800128bff25d4fa6800128bff25d4fa68
2026-02-11 17:50:50.526,LINUX-JUMP-01,morgan.sato,1,sshd,"sshd",explorer.exe,,,SHA256=0014d26780ab92600014d26780ab92600014d26780ab92600014d26780ab9260
2026-02-11 18:01:29.281,FIN-WS22,svc-build,1,sshd,"sshd",explorer.exe,,,SHA256=0006515e40b737670006515e40b737670006515e40b737670006515e40b73767
2026-02-11 18:04:49.596,ENG-MAC-17,taylor.owens,1,slack.exe,"slack.exe",systemd,,,SHA256=0022da15ad72911e0022da15ad72911e0022da15ad72911e0022da15ad72911e
2026-02-11 18:09:09.226,ENG-MAC-17,morgan.sato,1,outlook.exe,"outlook.exe",launchd,,,SHA256=002240de8659df7a002240de8659df7a002240de8659df7a002240de8659df7a
2026-02-11 18:12:13.167,ENG-MAC-04,riley.kapoor,1,git,"git",explorer.exe,,,SHA256=00095b45b0a399d500095b45b0a399d500095b45b0a399d500095b45b0a399d5
2026-02-11 18:22:29.070,FIN-WS22,riley.kapoor,1,powershell.exe,"powershell.exe",cmd.exe,,,SHA256=001237aafe4b8585001237aafe4b8585001237aafe4b8585001237aafe4b8585
2026-02-11 18:26:34.180,FIN-WS22,taylor.owens,1,python3,"python3",launchd,,,SHA256=00233aebc6128c1c00233aebc6128c1c00233aebc6128c1c00233aebc6128c1c
2026-02-11 18:37:00.703,LINUX-JUMP-01,jamie.patel,1,python3,"python3",launchd,,,SHA256=0018fe08d0d789190018fe08d0d789190018fe08d0d789190018fe08d0d78919
2026-02-11 18:47:42.424,LINUX-JUMP-01,svc-export,1,slack.exe,"slack.exe",systemd,,,SHA256=00077dd34a3cabc900077dd34a3cabc900077dd34a3cabc900077dd34a3cabc9
2026-02-11 18:51:23.294,ENG-MAC-17,jamie.patel,1,sshd,"sshd",cmd.exe,,,SHA256=0012de3bea1db56e0012de3bea1db56e0012de3bea1db56e0012de3bea1db56e
2026-02-11 18:56:28.790,ENG-MAC-17,taylor.owens,1,slack.exe,"slack.exe",cmd.exe,,,SHA256=002246fa59479d14002246fa59479d14002246fa59479d14002246fa59479d14
2026-02-11 19:06:52.017,BLD-RUN-02,alex.chen,1,powershell.exe,"powershell.exe",cmd.exe,,,SHA256=0006f9c421f2c9a00006f9c421f2c9a00006f9c421f2c9a00006f9c421f2c9a0
2026-02-11 19:10:56.386,BLD-RUN-02,taylor.owens,1,node,"node",launchd,,,SHA256=00182aa1dfdd6fee00182aa1dfdd6fee00182aa1dfdd6fee00182aa1dfdd6fee
2026-02-11 19:18:01.743,LINUX-JUMP-01,svc-build,1,python3,"python3",cmd.exe,,,SHA256=00010d1538d2862800010d1538d2862800010d1538d2862800010d1538d28628
2026-02-11 19:21:36.129,ENG-MAC-04,svc-export,1,sshd,"sshd",systemd,,,SHA256=000597e4ed627698000597e4ed627698000597e4ed627698000597e4ed627698
2026-02-11 19:32:44.869,ENG-MAC-04,morgan.sato,1,node,"node",explorer.exe,,,SHA256=0003cc7e30b21b9c0003cc7e30b21b9c0003cc7e30b21b9c0003cc7e30b21b9c
2026-02-11 19:38:15.052,LINUX-JUMP-01,riley.kapoor,1,sshd,"sshd",systemd,,,SHA256=0005657b15e4e38a0005657b15e4e38a0005657b15e4e38a0005657b15e4e38a
2026-02-11 19:45:28.103,FIN-WS17,jamie.patel,1,python3,"python3",launchd,,,SHA256=0017bd0285ec16a90017bd0285ec16a90017bd0285ec16a90017bd0285ec16a9
2026-02-11 19:54:06.195,FIN-WS22,alex.chen,1,sshd,"sshd",explorer.exe,,,SHA256=001bbd7b42466a87001bbd7b42466a87001bbd7b42466a87001bbd7b42466a87
2026-02-11 19:57:28.616,FIN-WS17,svc-export,1,python3,"python3",cmd.exe,,,SHA256=0018b8cd192c25500018b8cd192c25500018b8cd192c25500018b8cd192c2550
2026-02-11 20:06:59.572,BLD-RUN-02,svc-export,1,slack.exe,"slack.exe",systemd,,,SHA256=000881b29dbd60fa000881b29dbd60fa000881b29dbd60fa000881b29dbd60fa
2026-02-11 20:09:55.635,ENG-MAC-17,morgan.sato,1,outlook.exe,"outlook.exe",cmd.exe,,,SHA256=00096834b539515e00096834b539515e00096834b539515e00096834b539515e
2026-02-11 20:17:34.337,ENG-MAC-17,svc-build,1,python3,"python3",systemd,,,SHA256=0013f04ab90619950013f04ab90619950013f04ab90619950013f04ab9061995
2026-02-11 20:21:59.145,ENG-MAC-04,svc-build,1,node,"node",systemd,,,SHA256=001286a97a618c31001286a97a618c31001286a97a618c31001286a97a618c31
2026-02-11 20:33:22.880,ENG-MAC-17,alex.chen,1,powershell.exe,"powershell.exe",cmd.exe,,,SHA256=000e6fb25e71772b000e6fb25e71772b000e6fb25e71772b000e6fb25e71772b
2026-02-11 20:42:33.006,BLD-RUN-02,riley.kapoor,1,chrome.exe,"chrome.exe",cmd.exe,,,SHA256=000e4f5b43fea7a7000e4f5b43fea7a7000e4f5b43fea7a7000e4f5b43fea7a7
2026-02-11 20:49:58.228,ENG-MAC-04,riley.kapoor,1,python3,"python3",launchd,,,SHA256=00040316d2daf2cc00040316d2daf2cc00040316d2daf2cc00040316d2daf2cc
2026-02-11 20:59:35.419,ENG-MAC-04,svc-build,1,outlook.exe,"outlook.exe",explorer.exe,,,SHA256=00101b9085c8186800101b9085c8186800101b9085c8186800101b9085c81868
2026-02-11 21:02:06.745,BLD-RUN-02,svc-build,1,python3,"python3",cmd.exe,,,SHA256=001198cca6549121001198cca6549121001198cca6549121001198cca6549121
2026-02-11 21:07:15.287,FIN-WS22,riley.kapoor,1,git,"git",launchd,,,SHA256=000c77a7407d1d57000c77a7407d1d57000c77a7407d1d57000c77a7407d1d57
2026-02-11 21:13:28.736,BLD-RUN-02,svc-build,1,git,"git",explorer.exe,,,SHA256=0004658bdd9e83090004658bdd9e83090004658bdd9e83090004658bdd9e8309
2026-02-11 21:18:28.666,ENG-MAC-17,taylor.owens,1,python3,"python3",explorer.exe,,,SHA256=00237c30c37b285400237c30c37b285400237c30c37b285400237c30c37b2854
2026-02-11 21:23:00.219,BLD-RUN-02,riley.kapoor,1,powershell.exe,"powershell.exe",cmd.exe,,,SHA256=00027ce998746d7200027ce998746d7200027ce998746d7200027ce998746d72
2026-02-11 21:29:55.093,LINUX-JUMP-01,riley.kapoor,1,powershell.exe,"powershell.exe",cmd.exe,,,SHA256=000a817ff22ea437000a817ff22ea437000a817ff22ea437000a817ff22ea437
2026-02-11 21:34:29.705,FIN-WS17,taylor.owens,1,sshd,"sshd",launchd,,,SHA256=000c8b890ad1947c000c8b890ad1947c000c8b890ad1947c000c8b890ad1947c
2026-02-11 21:39:39.233,FIN-WS17,morgan.sato,1,slack.exe,"slack.exe",systemd,,,SHA256=00216f350919740800216f350919740800216f350919740800216f3509197408
2026-02-11 21:46:54.502,ENG-MAC-17,alex.chen,1,node,"node",systemd,,,SHA256=00143bbe745965cb00143bbe745965cb00143bbe745965cb00143bbe745965cb
2026-02-11 21:50:08.894,BLD-RUN-02,jamie.patel,1,outlook.exe,"outlook.exe",systemd,,,SHA256=001f7d9985eac782001f7d9985eac782001f7d9985eac782001f7d9985eac782
2026-02-11 22:00:01.644,LINUX-JUMP-01,riley.kapoor,1,outlook.exe,"outlook.exe",systemd,,,SHA256=000fb901f1311e2a000fb901f1311e2a000fb901f1311e2a000fb901f1311e2a
2026-02-11 22:08:36.091,FIN-WS22,svc-export,1,sshd,"sshd",launchd,,,SHA256=000a5604f29320c8000a5604f29320c8000a5604f29320c8000a5604f29320c8
2026-02-11 22:17:09.199,ENG-MAC-04,taylor.owens,1,sshd,"sshd",cmd.exe,,,SHA256=0009c4165a8b86680009c4165a8b86680009c4165a8b86680009c4165a8b8668
2026-02-11 22:23:53.469,BLD-RUN-02,riley.kapoor,1,node,"node",launchd,,,SHA256=000347602db4a767000347602db4a767000347602db4a767000347602db4a767
2026-02-11 22:31:44.315,BLD-RUN-02,alex.chen,1,python3,"python3",systemd,,,SHA256=001324929957036d001324929957036d001324929957036d001324929957036d
2026-02-11 22:36:54.000,FIN-WS22,alex.chen,1,python3,"python3",systemd,,,SHA256=00138ad9cea1248f00138ad9cea1248f00138ad9cea1248f00138ad9cea1248f
2026-02-11 22:39:44.996,BLD-RUN-02,riley.kapoor,1,python3,"python3",launchd,,,SHA256=00032638696e759c00032638696e759c00032638696e759c00032638696e759c
2026-02-11 22:44:07.527,FIN-WS22,alex.chen,1,chrome.exe,"chrome.exe",launchd,,,SHA256=000d3f0760ff448c000d3f0760ff448c000d3f0760ff448c000d3f0760ff448c
2026-02-11 22:52:53.236,BLD-RUN-02,riley.kapoor,1,sshd,"sshd",explorer.exe,,,SHA256=0019e9d3a5a5a3700019e9d3a5a5a3700019e9d3a5a5a3700019e9d3a5a5a370
2026-02-11 23:02:03.324,FIN-WS22,riley.kapoor,1,python3,"python3",systemd,,,SHA256=000a36431f63f98a000a36431f63f98a000a36431f63f98a000a36431f63f98a
2026-02-11 23:10:37.735,BLD-RUN-02,riley.kapoor,1,powershell.exe,"powershell.exe",explorer.exe,,,SHA256=00047e7a77602b5100047e7a77602b5100047e7a77602b5100047e7a77602b51
2026-02-11 23:15:53.475,FIN-WS17,svc-build,1,git,"git",systemd,,,SHA256=0005ae9de3ce1b880005ae9de3ce1b880005ae9de3ce1b880005ae9de3ce1b88
2026-02-11 23:22:25.083,FIN-WS17,svc-export,1,git,"git",explorer.exe,,,SHA256=000a5261053f38b6000a5261053f38b6000a5261053f38b6000a5261053f38b6
2026-02-11 23:31:47.510,BLD-RUN-02,jamie.patel,1,git,"git",systemd,,,SHA256=0000fd5ccbb7a19b0000fd5ccbb7a19b0000fd5ccbb7a19b0000fd5ccbb7a19b
2026-02-11 23:40:08.894,BLD-RUN-02,svc-export,1,chrome.exe,"chrome.exe",systemd,,,SHA256=0004525016e7787f0004525016e7787f0004525016e7787f0004525016e7787f
2026-02-11 23:45:54.347,LINUX-JUMP-01,taylor.owens,1,outlook.exe,"outlook.exe",systemd,,,SHA256=001731821d111067001731821d111067001731821d111067001731821d111067
2026-02-11 23:49:27.004,ENG-MAC-17,svc-build,1,powershell.exe,"powershell.exe",systemd,,,SHA256=001a915cf10d0892001a915cf10d0892001a915cf10d0892001a915cf10d0892
2026-02-11 23:57:03.219,FIN-WS17,riley.kapoor,1,python3,"python3",cmd.exe,,,SHA256=00101990052cf9d900101990052cf9d900101990052cf9d900101990052cf9d9
2026-02-12 00:06:07.486,FIN-WS22,svc-build,1,git,"git",systemd,,,SHA256=0016cafe95af5eb60016cafe95af5eb60016cafe95af5eb60016cafe95af5eb6
2026-02-12 00:13:00.895,BLD-RUN-02,alex.chen,1,slack.exe,"slack.exe",explorer.exe,,,SHA256=0020e2a4f2e0aa280020e2a4f2e0aa280020e2a4f2e0aa280020e2a4f2e0aa28
2026-02-12 00:24:24.838,FIN-WS22,jamie.patel,1,node,"node",systemd,,,SHA256=001a9e11f5ca62ae001a9e11f5ca62ae001a9e11f5ca62ae001a9e11f5ca62ae
2026-02-12 00:34:58.118,BLD-RUN-02,riley.kapoor,1,sshd,"sshd",launchd,,,SHA256=00208a7ff0ef5e0c00208a7ff0ef5e0c00208a7ff0ef5e0c00208a7ff0ef5e0c
2026-02-12 00:40:38.347,FIN-WS17,svc-export,1,slack.exe,"slack.exe",launchd,,,SHA256=00042b39c78a379800042b39c78a379800042b39c78a379800042b39c78a3798
2026-02-12 00:43:43.825,LINUX-JUMP-01,morgan.sato,1,chrome.exe,"chrome.exe",launchd,,,SHA256=000c559977ed9e3f000c559977ed9e3f000c559977ed9e3f000c559977ed9e3f
2026-02-12 00:53:05.236,BLD-RUN-02,riley.kapoor,1,outlook.exe,"outlook.exe",cmd.exe,,,SHA256=001aaabfe6a57087001aaabfe6a57087001aaabfe6a57087001aaabfe6a57087
2026-02-12 01:04:01.317,LINUX-JUMP-01,jamie.patel,1,git,"git",explorer.exe,,,SHA256=00097006f3189c3300097006f3189c3300097006f3189c3300097006f3189c33
2026-02-12 01:14:51.841,FIN-WS17,alex.chen,1,outlook.exe,"outlook.exe",cmd.exe,,,SHA256=001859f94a49ac5d001859f94a49ac5d001859f94a49ac5d001859f94a49ac5d
2026-02-12 01:20:06.194,BLD-RUN-02,svc-export,1,chrome.exe,"chrome.exe",systemd,,,SHA256=000b22ddec1bac14000b22ddec1bac14000b22ddec1bac14000b22ddec1bac14
2026-02-12 01:24:46.692,ENG-MAC-17,riley.kapoor,1,outlook.exe,"outlook.exe",systemd,,,SHA256=0012417a4ca4d4ed0012417a4ca4d4ed0012417a4ca4d4ed0012417a4ca4d4ed
2026-02-12 01:27:41.475,ENG-MAC-04,svc-build,1,python3,"python3",systemd,,,SHA256=002313370c343800002313370c343800002313370c343800002313370c343800
2026-02-12 01:34:09.969,ENG-MAC-17,jamie.patel,1,sshd,"sshd",launchd,,,SHA256=001de9b0a7d57d4f001de9b0a7d57d4f001de9b0a7d57d4f001de9b0a7d57d4f
2026-02-12 01:42:10.967,BLD-RUN-02,svc-export,1,node,"node",explorer.exe,,,SHA256=000a64a1e182c884000a64a1e182c884000a64a1e182c884000a64a1e182c884
2026-02-12 01:47:54.481,ENG-MAC-04,taylor.owens,1,chrome.exe,"chrome.exe",launchd,,,SHA256=000ed383201d1b84000ed383201d1b84000ed383201d1b84000ed383201d1b84
2026-02-12 01:52:47.555,BLD-RUN-02,morgan.sato,1,powershell.exe,"powershell.exe",explorer.exe,,,SHA256=00172f364ce1fe5900172f364ce1fe5900172f364ce1fe5900172f364ce1fe59
2026-02-12 01:58:43.880,BLD-RUN-02,alex.chen,1,chrome.exe,"chrome.exe",launchd,,,SHA256=00205089b01b194e00205089b01b194e00205089b01b194e00205089b01b194e
2026-02-12 02:08:18.723,LINUX-JUMP-01,svc-build,1,outlook.exe,"outlook.exe",cmd.exe,,,SHA256=00067766c2e2995e00067766c2e2995e00067766c2e2995e00067766c2e2995e
2026-02-12 02:15:14.499,FIN-WS22,jamie.patel,1,python3,"python3",launchd,,,SHA256=001491732daff848001491732daff848001491732daff848001491732daff848
2026-02-12 02:23:47.234,ENG-MAC-17,svc-build,1,sshd,"sshd",systemd,,,SHA256=00184a607835e8d700184a607835e8d700184a607835e8d700184a607835e8d7
2026-02-12 02:34:57.794,ENG-MAC-04,morgan.sato,1,git,"git",systemd,,,SHA256=000b3fbde001054b000b3fbde001054b000b3fbde001054b000b3fbde001054b
2026-02-12 02:37:30.523,FIN-WS17,taylor.owens,1,node,"node",cmd.exe,,,SHA256=0022c6e73d8040e60022c6e73d8040e60022c6e73d8040e60022c6e73d8040e6
2026-02-12 02:41:01.014,FIN-WS17,alex.chen,1,powershell.exe,"powershell.exe",launchd,,,SHA256=001c210776185704001c210776185704001c210776185704001c210776185704
2026-02-12 02:48:17.980,FIN-WS17,alex.chen,1,sshd,"sshd",cmd.exe,,,SHA256=000f415fdcb55149000f415fdcb55149000f415fdcb55149000f415fdcb55149
2026-02-12 02:56:54.333,FIN-WS22,taylor.owens,1,powershell.exe,"powershell.exe",systemd,,,SHA256=00187b50f1ec13cf00187b50f1ec13cf00187b50f1ec13cf00187b50f1ec13cf
2026-02-12 03:05:10.936,FIN-WS17,alex.chen,1,outlook.exe,"outlook.exe",cmd.exe,,,SHA256=001b126e3f2b7954001b126e3f2b7954001b126e3f2b7954001b126e3f2b7954
2026-02-12 03:14:13.323,FIN-WS17,svc-build,1,outlook.exe,"outlook.exe",launchd,,,SHA256=0009a9a119023ad80009a9a119023ad80009a9a119023ad80009a9a119023ad8
2026-02-12 03:19:05.772,FIN-WS22,jamie.patel,1,chrome.exe,"chrome.exe",systemd,,,SHA256=0013aaf7de0975300013aaf7de0975300013aaf7de0975300013aaf7de097530
2026-02-12 03:22:56.249,LINUX-JUMP-01,riley.kapoor,1,git,"git",cmd.exe,,,SHA256=001ad0ea7b486c73001ad0ea7b486c73001ad0ea7b486c73001ad0ea7b486c73
2026-02-12 03:33:26.212,FIN-WS17,svc-build,1,python3,"python3",systemd,,,SHA256=002310d214ba0054002310d214ba0054002310d214ba0054002310d214ba0054
2026-02-12 03:37:16.309,ENG-MAC-17,alex.chen,1,git,"git",cmd.exe,,,SHA256=0007cc4f1a316dba0007cc4f1a316dba0007cc4f1a316dba0007cc4f1a316dba
2026-02-12 03:41:46.480,FIN-WS22,svc-build,1,outlook.exe,"outlook.exe",systemd,,,SHA256=001a2c4ca3184942001a2c4ca3184942001a2c4ca3184942001a2c4ca3184942
2026-02-12 03:46:59.564,FIN-WS17,morgan.sato,1,python3,"python3",systemd,,,SHA256=000223e802e76367000223e802e76367000223e802e76367000223e802e76367
2026-02-12 03:51:12.619,FIN-WS22,svc-export,1,slack.exe,"slack.exe",systemd,,,SHA256=0003544b9ea252840003544b9ea252840003544b9ea252840003544b9ea25284
2026-02-12 03:54:19.913,FIN-WS17,riley.kapoor,1,python3,"python3",explorer.exe,,,SHA256=0006c8dc132dfff30006c8dc132dfff30006c8dc132dfff30006c8dc132dfff3
2026-02-12 03:59:24.909,FIN-WS22,alex.chen,1,sshd,"sshd",systemd,,,SHA256=00187c2dd64c9ce900187c2dd64c9ce900187c2dd64c9ce900187c2dd64c9ce9
2026-02-12 04:09:33.121,ENG-MAC-04,riley.kapoor,1,sshd,"sshd",explorer.exe,,,SHA256=0011c23cc2e720ee0011c23cc2e720ee0011c23cc2e720ee0011c23cc2e720ee
2026-02-12 04:16:29.936,ENG-MAC-17,taylor.owens,1,git,"git",launchd,,,SHA256=000f22c8f54fb6fb000f22c8f54fb6fb000f22c8f54fb6fb000f22c8f54fb6fb
2026-02-12 04:27:32.505,ENG-MAC-17,morgan.sato,1,powershell.exe,"powershell.exe",systemd,,,SHA256=000a233d0e82979f000a233d0e82979f000a233d0e82979f000a233d0e82979f
2026-02-12 04:32:26.490,ENG-MAC-04,alex.chen,1,sshd,"sshd",explorer.exe,,,SHA256=0010f99ab9098dc30010f99ab9098dc30010f99ab9098dc30010f99ab9098dc3
2026-02-12 04:35:39.530,ENG-MAC-04,alex.chen,1,python3,"python3",launchd,,,SHA256=00175f62e75f18de00175f62e75f18de00175f62e75f18de00175f62e75f18de
2026-02-12 04:40:55.100,FIN-WS22,morgan.sato,1,outlook.exe,"outlook.exe",systemd,,,SHA256=0010803744139abf0010803744139abf0010803744139abf0010803744139abf
2026-02-12 04:45:23.168,ENG-MAC-04,alex.chen,1,powershell.exe,"powershell.exe",explorer.exe,,,SHA256=00050adb9ec3903000050adb9ec3903000050adb9ec3903000050adb9ec39030
2026-02-12 04:48:56.631,LINUX-JUMP-01,svc-build,1,node,"node",explorer.exe,,,SHA256=0005d57f8a494b210005d57f8a494b210005d57f8a494b210005d57f8a494b21
2026-02-12 05:00:12.531,FIN-WS22,alex.chen,1,chrome.exe,"chrome.exe",cmd.exe,,,SHA256=0022326a256352240022326a256352240022326a256352240022326a25635224
2026-02-12 05:07:51.006,FIN-WS22,svc-build,1,python3,"python3",systemd,,,SHA256=000d2d4813d03c4c000d2d4813d03c4c000d2d4813d03c4c000d2d4813d03c4c
2026-02-12 05:17:27.879,FIN-WS22,jamie.patel,1,sshd,"sshd",launchd,,,SHA256=001aad69cfe4e9ea001aad69cfe4e9ea001aad69cfe4e9ea001aad69cfe4e9ea
2026-02-12 05:28:42.722,FIN-WS22,svc-build,1,outlook.exe,"outlook.exe",cmd.exe,,,SHA256=001add911fe9298b001add911fe9298b001add911fe9298b001add911fe9298b
2026-02-12 05:36:45.755,BLD-RUN-02,morgan.sato,1,git,"git",cmd.exe,,,SHA256=001733255f0b7e3b001733255f0b7e3b001733255f0b7e3b001733255f0b7e3b
2026-02-12 05:42:25.473,FIN-WS17,svc-export,1,powershell.exe,"powershell.exe",systemd,,,SHA256=001e0fc14a48a712001e0fc14a48a712001e0fc14a48a712001e0fc14a48a712
2026-02-12 05:52:54.607,ENG-MAC-17,riley.kapoor,1,git,"git",launchd,,,SHA256=0002b6ba051609660002b6ba051609660002b6ba051609660002b6ba05160966
2026-02-12 06:04:13.802,ENG-MAC-17,svc-build,1,outlook.exe,"outlook.exe",explorer.exe,,,SHA256=0010be98141d06390010be98141d06390010be98141d06390010be98141d0639
2026-02-12 06:15:07.897,ENG-MAC-04,alex.chen,1,slack.exe,"slack.exe",explorer.exe,,,SHA256=0013d7b9710be0b90013d7b9710be0b90013d7b9710be0b90013d7b9710be0b9
2026-02-12 06:20:35.353,ENG-MAC-04,svc-export,1,chrome.exe,"chrome.exe",systemd,,,SHA256=000aa7140cdafef5000aa7140cdafef5000aa7140cdafef5000aa7140cdafef5
2026-02-12 06:24:42.308,LINUX-JUMP-01,riley.kapoor,1,git,"git",cmd.exe,,,SHA256=00117aa69eb5471200117aa69eb5471200117aa69eb5471200117aa69eb54712
2026-02-12 06:35:52.875,ENG-MAC-04,svc-export,1,git,"git",systemd,,,SHA256=000b1f6da397fa99000b1f6da397fa99000b1f6da397fa99000b1f6da397fa99
2026-02-12 06:44:59.294,FIN-WS17,morgan.sato,1,outlook.exe,"outlook.exe",systemd,,,SHA256=001886225c9506c4001886225c9506c4001886225c9506c4001886225c9506c4
2026-02-12 06:48:30.813,LINUX-JUMP-01,alex.chen,1,node,"node",systemd,,,SHA256=000bd2b2e42f1bcd000bd2b2e42f1bcd000bd2b2e42f1bcd000bd2b2e42f1bcd
2026-02-12 06:53:08.837,BLD-RUN-02,svc-build,1,node,"node",launchd,,,SHA256=000106852f3f4ead000106852f3f4ead000106852f3f4ead000106852f3f4ead
2026-02-12 07:03:36.890,FIN-WS17,alex.chen,1,node,"node",launchd,,,SHA256=0022179e60d85fce0022179e60d85fce0022179e60d85fce0022179e60d85fce
2026-02-12 07:06:44.908,FIN-WS22,morgan.sato,1,powershell.exe,"powershell.exe",cmd.exe,,,SHA256=0016f1424b824e970016f1424b824e970016f1424b824e970016f1424b824e97
2026-02-12 07:12:34.754,FIN-WS17,svc-build,1,slack.exe,"slack.exe",cmd.exe,,,SHA256=0012e628d58674e60012e628d58674e60012e628d58674e60012e628d58674e6
2026-02-12 07:17:42.748,FIN-WS22,taylor.owens,1,sshd,"sshd",cmd.exe,,,SHA256=000f7f65a71b4ecd000f7f65a71b4ecd000f7f65a71b4ecd000f7f65a71b4ecd
2026-02-12 07:21:19.363,ENG-MAC-04,alex.chen,1,git,"git",launchd,,,SHA256=0022472b1a21222c0022472b1a21222c0022472b1a21222c0022472b1a21222c
2026-02-12 07:31:58.710,BLD-RUN-02,morgan.sato,1,slack.exe,"slack.exe",cmd.exe,,,SHA256=001d53958f553f00001d53958f553f00001d53958f553f00001d53958f553f00
2026-02-12 07:41:12.401,BLD-RUN-02,morgan.sato,1,chrome.exe,"chrome.exe",systemd,,,SHA256=001487fd4d3f5c7f001487fd4d3f5c7f001487fd4d3f5c7f001487fd4d3f5c7f
2026-02-12 07:46:34.023,BLD-RUN-02,riley.kapoor,1,node,"node",explorer.exe,,,SHA256=0001eecf7f23f85b0001eecf7f23f85b0001eecf7f23f85b0001eecf7f23f85b
2026-02-12 07:54:10.677,ENG-MAC-04,svc-build,1,node,"node",launchd,,,SHA256=0009ab31b12464bf0009ab31b12464bf0009ab31b12464bf0009ab31b12464bf
2026-02-12 07:57:34.485,FIN-WS17,alex.chen,1,sshd,"sshd",systemd,,,SHA256=00106bc1dbf9aee300106bc1dbf9aee300106bc1dbf9aee300106bc1dbf9aee3
2026-02-12 08:05:46.043,FIN-WS17,morgan.sato,1,slack.exe,"slack.exe",systemd,,,SHA256=00179cdeecc28b4d00179cdeecc28b4d00179cdeecc28b4d00179cdeecc28b4d
2026-02-12 08:11:58.689,BLD-RUN-02,taylor.owens,1,git,"git",launchd,,,SHA256=0011c7738aca4e130011c7738aca4e130011c7738aca4e130011c7738aca4e13
2026-02-12 08:19:11.020,ENG-MAC-17,riley.kapoor,1,python3,"python3",explorer.exe,,,SHA256=000170f7f69674c3000170f7f69674c3000170f7f69674c3000170f7f69674c3
2026-02-12 08:27:58.029,ENG-MAC-17,svc-export,1,chrome.exe,"chrome.exe",systemd,,,SHA256=001072943c5abcb7001072943c5abcb7001072943c5abcb7001072943c5abcb7
2026-02-12 08:36:49.933,FIN-WS17,riley.kapoor,1,node,"node",launchd,,,SHA256=00083f153bdafbf700083f153bdafbf700083f153bdafbf700083f153bdafbf7
2026-02-12 08:43:52.354,FIN-WS22,morgan.sato,1,sshd,"sshd",cmd.exe,,,SHA256=0005e640a87744070005e640a87744070005e640a87744070005e640a8774407
2026-02-12 08:50:10.987,ENG-MAC-04,alex.chen,1,powershell.exe,"powershell.exe",explorer.exe,,,SHA256=001bd53d692b0d2c001bd53d692b0d2c001bd53d692b0d2c001bd53d692b0d2c
2026-02-12 08:57:35.760,BLD-RUN-02,taylor.owens,1,sshd,"sshd",explorer.exe,,,SHA256=00023e02f37d960600023e02f37d960600023e02f37d960600023e02f37d9606
2026-02-12 09:03:00.338,ENG-MAC-04,morgan.sato,1,chrome.exe,"chrome.exe",launchd,,,SHA256=000064f56c3d1699000064f56c3d1699000064f56c3d1699000064f56c3d1699
2026-02-12 09:08:47.639,LINUX-JUMP-01,riley.kapoor,1,git,"git",systemd,,,SHA256=0012c47aa9c62f1b0012c47aa9c62f1b0012c47aa9c62f1b0012c47aa9c62f1b
2026-02-12 09:14:34.836,LINUX-JUMP-01,alex.chen,1,python3,"python3",cmd.exe,,,SHA256=001d1db8b77eea1e001d1db8b77eea1e001d1db8b77eea1e001d1db8b77eea1e
2026-02-12 09:18:54.727,BLD-RUN-02,riley.kapoor,1,node,"node",explorer.exe,,,SHA256=000a6b82f6ef0eef000a6b82f6ef0eef000a6b82f6ef0eef000a6b82f6ef0eef
2026-02-12 09:27:35.750,ENG-MAC-17,svc-export,1,git,"git",systemd,,,SHA256=000d85b920f62c43000d85b920f62c43000d85b920f62c43000d85b920f62c43
2026-02-12 09:38:30.519,ENG-MAC-17,svc-build,1,powershell.exe,"powershell.exe",explorer.exe,,,SHA256=0009ad2689bf04880009ad2689bf04880009ad2689bf04880009ad2689bf0488
2026-02-12 09:45:01.400,FIN-WS22,alex.chen,1,python3,"python3",systemd,,,SHA256=00014f7d33b2ac7300014f7d33b2ac7300014f7d33b2ac7300014f7d33b2ac73
2026-02-12 09:49:09.037,FIN-WS22,svc-build,1,git,"git",explorer.exe,,,SHA256=0009306ee5f609a50009306ee5f609a50009306ee5f609a50009306ee5f609a5
2026-02-12 09:59:22.253,FIN-WS17,riley.kapoor,1,powershell.exe,"powershell.exe",launchd,,,SHA256=00015880f8c8427900015880f8c8427900015880f8c8427900015880f8c84279
2026-02-12 10:10:30.579,FIN-WS17,svc-export,1,powershell.exe,"powershell.exe",explorer.exe,,,SHA256=00081593fb67695b00081593fb67695b00081593fb67695b00081593fb67695b
2026-02-12 10:21:17.661,ENG-MAC-04,alex.chen,1,node,"node",explorer.exe,,,SHA256=00226ab4baaf0d3a00226ab4baaf0d3a00226ab4baaf0d3a00226ab4baaf0d3a
2026-02-12 10:28:07.680,FIN-WS17,svc-export,1,node,"node",systemd,,,SHA256=000831c19a18adf0000831c19a18adf0000831c19a18adf0000831c19a18adf0
2026-02-12 10:35:39.046,ENG-MAC-04,alex.chen,1,git,"git",launchd,,,SHA256=0022d73179f82eb40022d73179f82eb40022d73179f82eb40022d73179f82eb4
2026-02-12 10:46:40.163,BLD-RUN-02,taylor.owens,1,outlook.exe,"outlook.exe",launchd,,,SHA256=00041506055791f600041506055791f600041506055791f600041506055791f6
2026-02-12 10:50:39.968,LINUX-JUMP-01,alex.chen,1,sshd,"sshd",cmd.exe,,,SHA256=00067b0d00cb613500067b0d00cb613500067b0d00cb613500067b0d00cb6135
2026-02-12 10:57:18.761,ENG-MAC-04,riley.kapoor,1,chrome.exe,"chrome.exe",cmd.exe,,,SHA256=001396b983a970a9001396b983a970a9001396b983a970a9001396b983a970a9
2026-02-12 11:06:59.118,LINUX-JUMP-01,riley.kapoor,1,chrome.exe,"chrome.exe",launchd,,,SHA256=001c812c143b01de001c812c143b01de001c812c143b01de001c812c143b01de
2026-02-12 11:13:17.439,FIN-WS17,riley.kapoor,1,outlook.exe,"outlook.exe",systemd,,,SHA256=0003d5ca571ff18b0003d5ca571ff18b0003d5ca571ff18b0003d5ca571ff18b
2026-02-12 11:19:57.928,FIN-WS17,riley.kapoor,1,sshd,"sshd",launchd,,,SHA256=0022d433cc356c580022d433cc356c580022d433cc356c580022d433cc356c58
2026-02-12 11:31:25.144,LINUX-JUMP-01,riley.kapoor,1,git,"git",cmd.exe,,,SHA256=000c722e915feb40000c722e915feb40000c722e915feb40000c722e915feb40
2026-02-12 11:36:40.092,BLD-RUN-02,jamie.patel,1,chrome.exe,"chrome.exe",cmd.exe,,,SHA256=000aa06871dec3d7000aa06871dec3d7000aa06871dec3d7000aa06871dec3d7
2026-02-12 11:43:48.367,BLD-RUN-02,taylor.owens,1,python3,"python3",launchd,,,SHA256=00074f1e4a38b9a600074f1e4a38b9a600074f1e4a38b9a600074f1e4a38b9a6
2026-02-12 11:51:35.939,FIN-WS17,jamie.patel,1,git,"git",explorer.exe,,,SHA256=000eb3df98ab854e000eb3df98ab854e000eb3df98ab854e000eb3df98ab854e
2026-02-12 12:02:46.493,FIN-WS17,morgan.sato,1,outlook.exe,"outlook.exe",launchd,,,SHA256=00029e646201833700029e646201833700029e646201833700029e6462018337
2026-02-12 12:12:20.204,LINUX-JUMP-01,taylor.owens,1,python3,"python3",cmd.exe,,,SHA256=000ddc4ebe947ef4000ddc4ebe947ef4000ddc4ebe947ef4000ddc4ebe947ef4
2026-02-12 12:22:22.569,FIN-WS17,jamie.patel,1,chrome.exe,"chrome.exe",launchd,,,SHA256=000edcb8ddbe29a3000edcb8ddbe29a3000edcb8ddbe29a3000edcb8ddbe29a3
2026-02-12 12:26:47.381,ENG-MAC-17,morgan.sato,1,outlook.exe,"outlook.exe",launchd,,,SHA256=0015a4be783b08f60015a4be783b08f60015a4be783b08f60015a4be783b08f6
2026-02-12 12:29:42.725,FIN-WS22,jamie.patel,1,node,"node",launchd,,,SHA256=001d5ab7b1d2e1a7001d5ab7b1d2e1a7001d5ab7b1d2e1a7001d5ab7b1d2e1a7
2026-02-12 12:40:54.459,ENG-MAC-17,jamie.patel,1,slack.exe,"slack.exe",systemd,,,SHA256=000c6db020e79b7c000c6db020e79b7c000c6db020e79b7c000c6db020e79b7c
2026-02-12 12:49:38.114,LINUX-JUMP-01,jamie.patel,1,node,"node",cmd.exe,,,SHA256=001b2d073d38ae31001b2d073d38ae31001b2d073d38ae31001b2d073d38ae31
2026-02-12 12:53:16.473,ENG-MAC-04,taylor.owens,1,git,"git",systemd,,,SHA256=000e709ffbd71de0000e709ffbd71de0000e709ffbd71de0000e709ffbd71de0
2026-02-12 13:03:13.870,BLD-RUN-02,riley.kapoor,1,sshd,"sshd",explorer.exe,,,SHA256=0012ab2703d23ab80012ab2703d23ab80012ab2703d23ab80012ab2703d23ab8
2026-02-12 13:10:05.930,FIN-WS22,alex.chen,1,node,"node",cmd.exe,,,SHA256=000c88b4b5a58b2b000c88b4b5a58b2b000c88b4b5a58b2b000c88b4b5a58b2b
2026-02-12 13:17:50.199,ENG-MAC-04,morgan.sato,1,chrome.exe,"chrome.exe",cmd.exe,,,SHA256=0002ff2962afd0d70002ff2962afd0d70002ff2962afd0d70002ff2962afd0d7
2026-02-12 13:22:42.776,BLD-RUN-02,morgan.sato,1,git,"git",explorer.exe,,,SHA256=000b071a8ba8c7d2000b071a8ba8c7d2000b071a8ba8c7d2000b071a8ba8c7d2
2026-02-12 13:27:11.336,LINUX-JUMP-01,svc-export,1,sshd,"sshd",launchd,,,SHA256=001edaf8a348652b001edaf8a348652b001edaf8a348652b001edaf8a348652b
2026-02-12 13:34:47.224,LINUX-JUMP-01,alex.chen,1,powershell.exe,"powershell.exe",explorer.exe,,,SHA256=000bc52b8f2dc4b2000bc52b8f2dc4b2000bc52b8f2dc4b2000bc52b8f2dc4b2
2026-02-12 13:37:38.751,LINUX-JUMP-01,alex.chen,1,slack.exe,"slack.exe",cmd.exe,,,SHA256=0017614fe24ef76d0017614fe24ef76d0017614fe24ef76d0017614fe24ef76d
2026-02-12 13:45:03.360,FIN-WS22,svc-build,1,git,"git",explorer.exe,,,SHA256=001acdbb74044b48001acdbb74044b48001acdbb74044b48001acdbb74044b48
2026-02-12 13:49:15.580,ENG-MAC-04,taylor.owens,1,chrome.exe,"chrome.exe",systemd,,,SHA256=0003f4d113d7c1d10003f4d113d7c1d10003f4d113d7c1d10003f4d113d7c1d1
2026-02-12 13:56:27.092,LINUX-JUMP-01,riley.kapoor,1,slack.exe,"slack.exe",launchd,,,SHA256=000527f8e76f0f33000527f8e76f0f33000527f8e76f0f33000527f8e76f0f33
2026-02-12 14:05:49.916,FIN-WS22,taylor.owens,1,node,"node",systemd,,,SHA256=0016f26f0409f3a10016f26f0409f3a10016f26f0409f3a10016f26f0409f3a1
2026-02-12 14:13:07.617,FIN-WS17,jamie.patel,1,powershell.exe,"powershell.exe",launchd,,,SHA256=00180a62b54ae0ee00180a62b54ae0ee00180a62b54ae0ee00180a62b54ae0ee
2026-02-12 14:22:55.182,ENG-MAC-04,morgan.sato,1,chrome.exe,"chrome.exe",cmd.exe,,,SHA256=001779b098e5f314001779b098e5f314001779b098e5f314001779b098e5f314
2026-02-12 14:25:57.205,BLD-RUN-02,taylor.owens,1,chrome.exe,"chrome.exe",launchd,,,SHA256=000246b014d11dc7000246b014d11dc7000246b014d11dc7000246b014d11dc7
2026-02-12 14:29:06.470,LINUX-JUMP-01,alex.chen,1,sshd,"sshd",systemd,,,SHA256=000bdbe684db6271000bdbe684db6271000bdbe684db6271000bdbe684db6271
2026-02-12 14:39:39.743,ENG-MAC-04,svc-build,1,powershell.exe,"powershell.exe",cmd.exe,,,SHA256=000e839455bcb925000e839455bcb925000e839455bcb925000e839455bcb925
2026-02-12 14:47:42.331,BLD-RUN-02,alex.chen,1,node,"node",launchd,,,SHA256=0010ff7c4c01646b0010ff7c4c01646b0010ff7c4c01646b0010ff7c4c01646b
2026-02-12 14:53:54.080,LINUX-JUMP-01,jamie.patel,1,git,"git",cmd.exe,,,SHA256=0013fe66d2497afa0013fe66d2497afa0013fe66d2497afa0013fe66d2497afa
2026-02-12 15:02:22.129,FIN-WS17,taylor.owens,1,node,"node",cmd.exe,,,SHA256=0006ea486506dbb50006ea486506dbb50006ea486506dbb50006ea486506dbb5
2026-02-12 15:11:03.864,ENG-MAC-17,svc-export,1,node,"node",cmd.exe,,,SHA256=001f1f2bb7334f85001f1f2bb7334f85001f1f2bb7334f85001f1f2bb7334f85
2026-02-12 15:15:59.714,LINUX-JUMP-01,alex.chen,1,sshd,"sshd",launchd,,,SHA256=000a9560ba62a1e7000a9560ba62a1e7000a9560ba62a1e7000a9560ba62a1e7
2026-02-12 15:20:51.167,ENG-MAC-17,jamie.patel,1,chrome.exe,"chrome.exe",systemd,,,SHA256=000f36cf6adac44c000f36cf6adac44c000f36cf6adac44c000f36cf6adac44c
2026-02-12 15:29:34.767,FIN-WS17,morgan.sato,1,outlook.exe,"outlook.exe",launchd,,,SHA256=001b0ab720e8f195001b0ab720e8f195001b0ab720e8f195001b0ab720e8f195
2026-02-12 15:36:06.831,FIN-WS22,jamie.patel,1,node,"node",explorer.exe,,,SHA256=0004066360850e570004066360850e570004066360850e570004066360850e57
2026-02-12 15:43:33.815,FIN-WS22,morgan.sato,1,slack.exe,"slack.exe",systemd,,,SHA256=0017396eafef7fac0017396eafef7fac0017396eafef7fac0017396eafef7fac
2026-02-12 15:50:36.092,FIN-WS22,jamie.patel,1,python3,"python3",explorer.exe,,,SHA256=0006623ad6c535b00006623ad6c535b00006623ad6c535b00006623ad6c535b0
2026-02-12 15:54:33.540,ENG-MAC-04,jamie.patel,1,git,"git",systemd,,,SHA256=000b11119551000d000b11119551000d000b11119551000d000b11119551000d
2026-02-12 15:57:53.658,BLD-RUN-02,svc-build,1,git,"git",launchd,,,SHA256=00032980e75f421900032980e75f421900032980e75f421900032980e75f4219
2026-02-12 16:06:09.611,BLD-RUN-02,svc-build,1,sshd,"sshd",systemd,,,SHA256=0019b2cf6ccc116e0019b2cf6ccc116e0019b2cf6ccc116e0019b2cf6ccc116e
2026-02-12 16:15:48.050,ENG-MAC-17,svc-export,1,node,"node",launchd,,,SHA256=001c750a6cde850e001c750a6cde850e001c750a6cde850e001c750a6cde850e
2026-02-12 16:23:54.917,ENG-MAC-04,riley.kapoor,1,slack.exe,"slack.exe",launchd,,,SHA256=000d0c64eceecc6f000d0c64eceecc6f000d0c64eceecc6f000d0c64eceecc6f
2026-02-12 16:32:10.626,FIN-WS17,riley.kapoor,1,chrome.exe,"chrome.exe",explorer.exe,,,SHA256=001e035cf03f5cfd001e035cf03f5cfd001e035cf03f5cfd001e035cf03f5cfd
2026-02-12 16:41:21.685,LINUX-JUMP-01,taylor.owens,1,slack.exe,"slack.exe",cmd.exe,,,SHA256=0022de7524fb71fa0022de7524fb71fa0022de7524fb71fa0022de7524fb71fa
2026-02-12 16:52:10.360,ENG-MAC-17,svc-export,1,node,"node",systemd,,,SHA256=001be96877540dc3001be96877540dc3001be96877540dc3001be96877540dc3
2026-02-12 16:56:22.612,BLD-RUN-02,morgan.sato,1,git,"git",systemd,,,SHA256=000025a64b80f4de000025a64b80f4de000025a64b80f4de000025a64b80f4de
2026-02-12 17:05:31.037,FIN-WS17,svc-export,1,sshd,"sshd",launchd,,,SHA256=0021a0c58fde8a680021a0c58fde8a680021a0c58fde8a680021a0c58fde8a68
2026-02-12 17:16:56.737,ENG-MAC-17,riley.kapoor,1,outlook.exe,"outlook.exe",cmd.exe,,,SHA256=0017afc1dc475aae0017afc1dc475aae0017afc1dc475aae0017afc1dc475aae
2026-02-12 17:19:33.178,FIN-WS22,svc-build,1,powershell.exe,"powershell.exe",systemd,,,SHA256=00118dcd99a04c1d00118dcd99a04c1d00118dcd99a04c1d00118dcd99a04c1d
2026-02-12 17:29:46.434,BLD-RUN-02,riley.kapoor,1,slack.exe,"slack.exe",cmd.exe,,,SHA256=0022a189d15a2fd60022a189d15a2fd60022a189d15a2fd60022a189d15a2fd6
2026-02-12 17:32:18.630,LINUX-JUMP-01,taylor.owens,1,powershell.exe,"powershell.exe",cmd.exe,,,SHA256=0008cff14f0b92750008cff14f0b92750008cff14f0b92750008cff14f0b9275
2026-02-12 17:41:02.511,ENG-MAC-17,morgan.sato,1,chrome.exe,"chrome.exe",explorer.exe,,,SHA256=00022a9cfbf88afd00022a9cfbf88afd00022a9cfbf88afd00022a9cfbf88afd
2026-02-12 17:48:01.360,LINUX-JUMP-01,svc-export,1,git,"git",systemd,,,SHA256=001d44035ae6a8e2001d44035ae6a8e2001d44035ae6a8e2001d44035ae6a8e2
2026-02-12 17:51:55.032,BLD-RUN-02,taylor.owens,1,chrome.exe,"chrome.exe",explorer.exe,,,SHA256=0016e5aeece65ba10016e5aeece65ba10016e5aeece65ba10016e5aeece65ba1
2026-02-12 17:56:03.649,BLD-RUN-02,taylor.owens,1,git,"git",cmd.exe,,,SHA256=00225c3911ef0d7200225c3911ef0d7200225c3911ef0d7200225c3911ef0d72
2026-02-12 18:06:18.114,FIN-WS17,morgan.sato,1,powershell.exe,"powershell.exe",explorer.exe,,,SHA256=0014a6569418ffee0014a6569418ffee0014a6569418ffee0014a6569418ffee
2026-02-12 18:17:22.484,FIN-WS22,svc-build,1,powershell.exe,"powershell.exe",systemd,,,SHA256=0006cc6d93b994c80006cc6d93b994c80006cc6d93b994c80006cc6d93b994c8
2026-02-12 18:20:37.549,BLD-RUN-02,jamie.patel,1,git,"git",systemd,,,SHA256=001a43a6334b5de1001a43a6334b5de1001a43a6334b5de1001a43a6334b5de1
2026-02-12 18:24:06.571,FIN-WS17,svc-build,1,slack.exe,"slack.exe",systemd,,,SHA256=0002a577d472e75f0002a577d472e75f0002a577d472e75f0002a577d472e75f
2026-02-12 18:27:20.759,FIN-WS17,morgan.sato,1,python3,"python3",cmd.exe,,,SHA256=00184b7368bdfb9c00184b7368bdfb9c00184b7368bdfb9c00184b7368bdfb9c
2026-02-12 18:36:10.035,FIN-WS17,morgan.sato,1,sshd,"sshd",cmd.exe,,,SHA256=001d6a058c95f3fd001d6a058c95f3fd001d6a058c95f3fd001d6a058c95f3fd
2026-02-12 18:42:09.188,BLD-RUN-02,svc-build,1,git,"git",launchd,,,SHA256=0020327537c6d30a0020327537c6d30a0020327537c6d30a0020327537c6d30a
2026-02-12 18:49:04.483,FIN-WS22,jamie.patel,1,slack.exe,"slack.exe",systemd,,,SHA256=0023559474e933740023559474e933740023559474e933740023559474e93374
2026-02-12 18:57:43.894,FIN-WS17,alex.chen,1,git,"git",cmd.exe,,,SHA256=0014a6b17826dcb60014a6b17826dcb60014a6b17826dcb60014a6b17826dcb6
2026-02-12 19:02:36.730,ENG-MAC-17,taylor.owens,1,python3,"python3",systemd,,,SHA256=000db84c52fbd99e000db84c52fbd99e000db84c52fbd99e000db84c52fbd99e
2026-02-12 19:06:15.675,FIN-WS22,svc-build,1,sshd,"sshd",systemd,,,SHA256=000316606c1f8de7000316606c1f8de7000316606c1f8de7000316606c1f8de7
2026-02-12 19:13:15.124,LINUX-JUMP-01,svc-export,1,python3,"python3",cmd.exe,,,SHA256=0016028a57c64f990016028a57c64f990016028a57c64f990016028a57c64f99
2026-02-12 19:17:41.758,ENG-MAC-04,alex.chen,1,node,"node",launchd,,,SHA256=001b69106d61c5ff001b69106d61c5ff001b69106d61c5ff001b69106d61c5ff
2026-02-12 19:25:33.018,FIN-WS17,svc-build,1,chrome.exe,"chrome.exe",systemd,,,SHA256=001e91823d449341001e91823d449341001e91823d449341001e91823d449341
2026-02-12 19:33:11.636,FIN-WS22,svc-build,1,sshd,"sshd",systemd,,,SHA256=0018f43edb65e7130018f43edb65e7130018f43edb65e7130018f43edb65e713
2026-02-12 19:37:13.578,ENG-MAC-04,svc-build,1,powershell.exe,"powershell.exe",launchd,,,SHA256=00169158485f57ee00169158485f57ee00169158485f57ee00169158485f57ee
2026-02-12 19:41:55.325,ENG-MAC-17,svc-build,1,slack.exe,"slack.exe",explorer.exe,,,SHA256=000d7e8c9dfc15cc000d7e8c9dfc15cc000d7e8c9dfc15cc000d7e8c9dfc15cc
2026-02-12 19:45:45.722,LINUX-JUMP-01,svc-export,1,node,"node",explorer.exe,,,SHA256=001d18f0c594046e001d18f0c594046e001d18f0c594046e001d18f0c594046e
2026-02-12 19:51:47.876,LINUX-JUMP-01,taylor.owens,1,powershell.exe,"powershell.exe",launchd,,,SHA256=0017282332b3dc800017282332b3dc800017282332b3dc800017282332b3dc80
2026-02-12 19:59:56.625,BLD-RUN-02,jamie.patel,1,sshd,"sshd",explorer.exe,,,SHA256=0005af1cd141ea430005af1cd141ea430005af1cd141ea430005af1cd141ea43
2026-02-12 20:06:34.667,FIN-WS17,svc-export,1,sshd,"sshd",systemd,,,SHA256=000b1e48c183ad8a000b1e48c183ad8a000b1e48c183ad8a000b1e48c183ad8a
2026-02-12 20:15:51.845,FIN-WS17,svc-build,1,python3,"python3",explorer.exe,,,SHA256=0021b9afd48352200021b9afd48352200021b9afd48352200021b9afd4835220
2026-02-12 20:20:02.565,FIN-WS22,taylor.owens,1,git,"git",systemd,,,SHA256=00045aebe14800f100045aebe14800f100045aebe14800f100045aebe14800f1
2026-02-12 20:23:29.746,ENG-MAC-04,jamie.patel,1,powershell.exe,"powershell.exe",explorer.exe,,,SHA256=0018b7bb9484399f0018b7bb9484399f0018b7bb9484399f0018b7bb9484399f
2026-02-12 20:26:52.718,FIN-WS17,alex.chen,1,powershell.exe,"powershell.exe",launchd,,,SHA256=000807bb958e0938000807bb958e0938000807bb958e0938000807bb958e0938
2026-02-12 20:32:02.529,FIN-WS22,svc-export,1,sshd,"sshd",launchd,,,SHA256=00208110e0eede4600208110e0eede4600208110e0eede4600208110e0eede46
2026-02-12 20:37:11.333,ENG-MAC-04,svc-build,1,powershell.exe,"powershell.exe",launchd,,,SHA256=000796f245a43b81000796f245a43b81000796f245a43b81000796f245a43b81
2026-02-12 20:46:51.790,FIN-WS22,alex.chen,1,powershell.exe,"powershell.exe",explorer.exe,,,SHA256=000dea4399b671bc000dea4399b671bc000dea4399b671bc000dea4399b671bc
2026-02-12 20:55:25.443,LINUX-JUMP-01,svc-export,1,git,"git",systemd,,,SHA256=000ab94c3b9026e8000ab94c3b9026e8000ab94c3b9026e8000ab94c3b9026e8
2026-02-12 20:59:52.173,ENG-MAC-17,alex.chen,1,outlook.exe,"outlook.exe",cmd.exe,,,SHA256=0012aeff91b493460012aeff91b493460012aeff91b493460012aeff91b49346
2026-02-12 21:10:51.267,LINUX-JUMP-01,taylor.owens,1,node,"node",explorer.exe,,,SHA256=000d2c79f5f7571c000d2c79f5f7571c000d2c79f5f7571c000d2c79f5f7571c
2026-02-12 21:17:52.289,FIN-WS22,morgan.sato,1,powershell.exe,"powershell.exe",systemd,,,SHA256=00160ade9bcc6a8700160ade9bcc6a8700160ade9bcc6a8700160ade9bcc6a87
2026-02-12 21:20:33.419,LINUX-JUMP-01,riley.kapoor,1,powershell.exe,"powershell.exe",cmd.exe,,,SHA256=001defbc42403e40001defbc42403e40001defbc42403e40001defbc42403e40
2026-02-12 21:30:27.705,ENG-MAC-17,morgan.sato,1,git,"git",explorer.exe,,,SHA256=0007d99bb29d7f760007d99bb29d7f760007d99bb29d7f760007d99bb29d7f76
2026-02-12 21:39:13.819,ENG-MAC-04,morgan.sato,1,python3,"python3",cmd.exe,,,SHA256=00168f8ec257620300168f8ec257620300168f8ec257620300168f8ec2576203
2026-02-12 21:42:36.437,FIN-WS17,jamie.patel,1,python3,"python3",systemd,,,SHA256=001ecb8edce7aba2001ecb8edce7aba2001ecb8edce7aba2001ecb8edce7aba2
2026-02-12 21:50:59.813,ENG-MAC-17,svc-export,1,powershell.exe,"powershell.exe",systemd,,,SHA256=0017f551ca4247fd0017f551ca4247fd0017f551ca4247fd0017f551ca4247fd
2026-02-12 21:57:13.006,FIN-WS22,taylor.owens,1,chrome.exe,"chrome.exe",launchd,,,SHA256=001ea40c7c72c0a4001ea40c7c72c0a4001ea40c7c72c0a4001ea40c7c72c0a4
2026-02-12 22:01:41.611,FIN-WS22,riley.kapoor,1,git,"git",cmd.exe,,,SHA256=0018f7bdf2c4dd4b0018f7bdf2c4dd4b0018f7bdf2c4dd4b0018f7bdf2c4dd4b
2026-02-12 22:11:32.720,FIN-WS17,riley.kapoor,1,git,"git",launchd,,,SHA256=0020ffb9cb54bfe40020ffb9cb54bfe40020ffb9cb54bfe40020ffb9cb54bfe4
2026-02-12 22:17:59.778,FIN-WS17,morgan.sato,1,slack.exe,"slack.exe",explorer.exe,,,SHA256=000cea7064a5556c000cea7064a5556c000cea7064a5556c000cea7064a5556c
2026-02-12 22:22:23.504,LINUX-JUMP-01,taylor.owens,1,git,"git",cmd.exe,,,SHA256=001dfaa850bbbf8e001dfaa850bbbf8e001dfaa850bbbf8e001dfaa850bbbf8e
2026-02-12 22:28:04.162,ENG-MAC-04,svc-export,1,git,"git",explorer.exe,,,SHA256=001c6466efbbbc5c001c6466efbbbc5c001c6466efbbbc5c001c6466efbbbc5c
2026-02-12 22:33:38.203,LINUX-JUMP-01,taylor.owens,1,slack.exe,"slack.exe",launchd,,,SHA256=000f55071a31d8d4000f55071a31d8d4000f55071a31d8d4000f55071a31d8d4
2026-02-12 22:41:16.241,LINUX-JUMP-01,jamie.patel,1,python3,"python3",cmd.exe,,,SHA256=0008c2284da7b7f10008c2284da7b7f10008c2284da7b7f10008c2284da7b7f1
2026-02-12 22:44:45.906,FIN-WS22,morgan.sato,1,sshd,"sshd",systemd,,,SHA256=001219e946afbb68001219e946afbb68001219e946afbb68001219e946afbb68
2026-02-12 22:51:47.504,FIN-WS22,taylor.owens,1,powershell.exe,"powershell.exe",systemd,,,SHA256=000ce9d9964e3474000ce9d9964e3474000ce9d9964e3474000ce9d9964e3474
2026-02-12 23:00:36.478,ENG-MAC-17,svc-export,1,node,"node",launchd,,,SHA256=001734507c83c234001734507c83c234001734507c83c234001734507c83c234
2026-02-12 23:10:57.113,ENG-MAC-04,taylor.owens,1,powershell.exe,"powershell.exe",launchd,,,SHA256=0009a35d1208f8820009a35d1208f8820009a35d1208f8820009a35d1208f882
2026-02-12 23:15:38.102,ENG-MAC-04,svc-export,1,node,"node",launchd,,,SHA256=001f85dedc8da55b001f85dedc8da55b001f85dedc8da55b001f85dedc8da55b
2026-02-12 23:21:12.717,FIN-WS22,svc-build,1,chrome.exe,"chrome.exe",launchd,,,SHA256=001370f0d64f5c24001370f0d64f5c24001370f0d64f5c24001370f0d64f5c24
2026-02-12 23:23:43.262,LINUX-JUMP-01,jamie.patel,1,git,"git",cmd.exe,,,SHA256=0017930e84b125730017930e84b125730017930e84b125730017930e84b12573
2026-02-12 23:29:48.895,ENG-MAC-17,svc-build,1,node,"node",launchd,,,SHA256=001727912f289f2b001727912f289f2b001727912f289f2b001727912f289f2b
2026-02-12 23:35:24.216,BLD-RUN-02,jamie.patel,1,git,"git",systemd,,,SHA256=001a0de68c5e4c02001a0de68c5e4c02001a0de68c5e4c02001a0de68c5e4c02
2026-02-12 23:45:18.364,ENG-MAC-04,svc-build,1,python3,"python3",launchd,,,SHA256=0012a3b13d039acf0012a3b13d039acf0012a3b13d039acf0012a3b13d039acf
2026-02-12 23:56:14.652,LINUX-JUMP-01,jamie.patel,1,chrome.exe,"chrome.exe",explorer.exe,,,SHA256=001b8f9255311d38001b8f9255311d38001b8f9255311d38001b8f9255311d38
2026-02-13 00:02:01.686,ENG-MAC-04,svc-build,1,node,"node",explorer.exe,,,SHA256=000be27f5eaeca89000be27f5eaeca89000be27f5eaeca89000be27f5eaeca89
2026-02-13 00:12:59.814,ENG-MAC-17,morgan.sato,1,chrome.exe,"chrome.exe",cmd.exe,,,SHA256=001f9b3131e9d6ed001f9b3131e9d6ed001f9b3131e9d6ed001f9b3131e9d6ed
2026-02-13 00:20:01.833,BLD-RUN-02,taylor.owens,1,git,"git",systemd,,,SHA256=0015e13b1923e8300015e13b1923e8300015e13b1923e8300015e13b1923e830
2026-02-13 00:23:53.043,FIN-WS22,jamie.patel,1,outlook.exe,"outlook.exe",launchd,,,SHA256=000afdbc75a018db000afdbc75a018db000afdbc75a018db000afdbc75a018db
2026-02-13 00:29:40.616,ENG-MAC-17,alex.chen,1,outlook.exe,"outlook.exe",launchd,,,SHA256=0009e3229c0597510009e3229c0597510009e3229c0597510009e3229c059751
2026-02-13 00:35:22.276,ENG-MAC-17,svc-export,1,node,"node",explorer.exe,,,SHA256=0021e1e0b59192200021e1e0b59192200021e1e0b59192200021e1e0b5919220
2026-02-13 00:39:34.588,ENG-MAC-04,svc-build,1,sshd,"sshd",systemd,,,SHA256=0007e5b2fb27dbd30007e5b2fb27dbd30007e5b2fb27dbd30007e5b2fb27dbd3
2026-02-13 00:45:25.693,FIN-WS22,riley.kapoor,1,outlook.exe,"outlook.exe",launchd,,,SHA256=0017b09b99860fed0017b09b99860fed0017b09b99860fed0017b09b99860fed
2026-02-13 00:56:18.663,ENG-MAC-17,svc-export,1,sshd,"sshd",explorer.exe,,,SHA256=001361c2165857ca001361c2165857ca001361c2165857ca001361c2165857ca
2026-02-13 01:03:21.311,BLD-RUN-02,svc-build,1,python3,"python3",explorer.exe,,,SHA256=0009481b391a09920009481b391a09920009481b391a09920009481b391a0992
2026-02-13 01:13:46.322,ENG-MAC-17,jamie.patel,1,sshd,"sshd",systemd,,,SHA256=00146b98ef608c9900146b98ef608c9900146b98ef608c9900146b98ef608c99
2026-02-13 01:19:50.952,FIN-WS22,morgan.sato,1,slack.exe,"slack.exe",systemd,,,SHA256=0019a6a3ac0105ae0019a6a3ac0105ae0019a6a3ac0105ae0019a6a3ac0105ae
2026-02-13 01:25:45.892,BLD-RUN-02,svc-export,1,git,"git",cmd.exe,,,SHA256=00075986fce19b4c00075986fce19b4c00075986fce19b4c00075986fce19b4c
2026-02-13 01:33:04.644,ENG-MAC-17,alex.chen,1,git,"git",launchd,,,SHA256=00066e3c772274b000066e3c772274b000066e3c772274b000066e3c772274b0
2026-02-13 01:35:53.021,ENG-MAC-04,svc-export,1,git,"git",explorer.exe,,,SHA256=000a733134d84036000a733134d84036000a733134d84036000a733134d84036
2026-02-13 01:46:07.139,ENG-MAC-17,morgan.sato,1,powershell.exe,"powershell.exe",explorer.exe,,,SHA256=001287a41c63dc94001287a41c63dc94001287a41c63dc94001287a41c63dc94
2026-02-13 01:57:30.090,ENG-MAC-17,taylor.owens,1,python3,"python3",explorer.exe,,,SHA256=00020d9c258805c900020d9c258805c900020d9c258805c900020d9c258805c9
2026-02-13 02:02:13.842,LINUX-JUMP-01,alex.chen,1,python3,"python3",systemd,,,SHA256=0019a784470271db0019a784470271db0019a784470271db0019a784470271db
2026-02-13 02:06:03.928,BLD-RUN-02,jamie.patel,1,powershell.exe,"powershell.exe",systemd,,,SHA256=001b2617dcc7eab5001b2617dcc7eab5001b2617dcc7eab5001b2617dcc7eab5
2026-02-13 02:15:59.086,ENG-MAC-17,svc-export,1,sshd,"sshd",systemd,,,SHA256=000a9a2dbefc79c9000a9a2dbefc79c9000a9a2dbefc79c9000a9a2dbefc79c9
2026-02-13 02:22:43.818,FIN-WS17,riley.kapoor,1,chrome.exe,"chrome.exe",cmd.exe,,,SHA256=000542440fc1f742000542440fc1f742000542440fc1f742000542440fc1f742
2026-02-13 02:28:25.313,FIN-WS22,morgan.sato,1,python3,"python3",systemd,,,SHA256=001021c832d711e4001021c832d711e4001021c832d711e4001021c832d711e4
2026-02-13 02:36:42.423,LINUX-JUMP-01,riley.kapoor,1,powershell.exe,"powershell.exe",systemd,,,SHA256=000b451c27cd7df0000b451c27cd7df0000b451c27cd7df0000b451c27cd7df0
2026-02-13 02:40:57.330,FIN-WS17,alex.chen,1,slack.exe,"slack.exe",systemd,,,SHA256=001c5a16e08738ab001c5a16e08738ab001c5a16e08738ab001c5a16e08738ab
2026-02-13 02:50:32.859,FIN-WS17,svc-export,1,powershell.exe,"powershell.exe",explorer.exe,,,SHA256=00046178c1c8034f00046178c1c8034f00046178c1c8034f00046178c1c8034f
2026-02-13 02:57:51.451,LINUX-JUMP-01,svc-build,1,outlook.exe,"outlook.exe",systemd,,,SHA256=001a431a8f803395001a431a8f803395001a431a8f803395001a431a8f803395
2026-02-13 03:00:55.798,FIN-WS22,svc-export,1,slack.exe,"slack.exe",systemd,,,SHA256=0008402bab3a091b0008402bab3a091b0008402bab3a091b0008402bab3a091b
2026-02-13 03:11:44.961,ENG-MAC-04,taylor.owens,1,node,"node",explorer.exe,,,SHA256=00209453cd4bae4c00209453cd4bae4c00209453cd4bae4c00209453cd4bae4c
2026-02-13 03:16:21.077,LINUX-JUMP-01,riley.kapoor,1,sshd,"sshd",systemd,,,SHA256=000d7d30a094389a000d7d30a094389a000d7d30a094389a000d7d30a094389a
2026-02-13 03:21:36.937,FIN-WS22,taylor.owens,1,slack.exe,"slack.exe",systemd,,,SHA256=0009dc24fa002f290009dc24fa002f290009dc24fa002f290009dc24fa002f29
2026-02-13 03:29:28.945,ENG-MAC-04,jamie.patel,1,slack.exe,"slack.exe",cmd.exe,,,SHA256=00135f77a3e1a83800135f77a3e1a83800135f77a3e1a83800135f77a3e1a838
2026-02-13 03:32:27.131,FIN-WS22,svc-build,1,sshd,"sshd",explorer.exe,,,SHA256=00173fb749eabcf100173fb749eabcf100173fb749eabcf100173fb749eabcf1
2026-02-13 03:42:46.679,FIN-WS22,alex.chen,1,python3,"python3",cmd.exe,,,SHA256=0001137e83aa38620001137e83aa38620001137e83aa38620001137e83aa3862
2026-02-13 03:51:45.199,BLD-RUN-02,morgan.sato,1,powershell.exe,"powershell.exe",cmd.exe,,,SHA256=002241196512d1d0002241196512d1d0002241196512d1d0002241196512d1d0
2026-02-13 04:02:16.947,ENG-MAC-04,svc-export,1,chrome.exe,"chrome.exe",launchd,,,SHA256=0017e60902bc43a20017e60902bc43a20017e60902bc43a20017e60902bc43a2
2026-02-13 04:09:38.217,ENG-MAC-04,jamie.patel,1,slack.exe,"slack.exe",explorer.exe,,,SHA256=000d54151014f795000d54151014f795000d54151014f795000d54151014f795
2026-02-13 04:14:24.893,FIN-WS22,riley.kapoor,1,python3,"python3",systemd,,,SHA256=00185312f2711dfb00185312f2711dfb00185312f2711dfb00185312f2711dfb
2026-02-13 04:24:30.034,BLD-RUN-02,alex.chen,1,powershell.exe,"powershell.exe",cmd.exe,,,SHA256=00021b8ccd22a92e00021b8ccd22a92e00021b8ccd22a92e00021b8ccd22a92e
2026-02-13 04:28:51.583,FIN-WS22,riley.kapoor,1,outlook.exe,"outlook.exe",launchd,,,SHA256=001e11f974531f85001e11f974531f85001e11f974531f85001e11f974531f85
2026-02-13 04:39:41.643,FIN-WS17,jamie.patel,1,outlook.exe,"outlook.exe",systemd,,,SHA256=000dbb900e2d5565000dbb900e2d5565000dbb900e2d5565000dbb900e2d5565
2026-02-13 04:46:32.039,FIN-WS22,svc-build,1,chrome.exe,"chrome.exe",launchd,,,SHA256=000170f78f0f364a000170f78f0f364a000170f78f0f364a000170f78f0f364a
2026-02-13 04:49:47.376,LINUX-JUMP-01,riley.kapoor,1,python3,"python3",explorer.exe,,,SHA256=0017d3898abc9edb0017d3898abc9edb0017d3898abc9edb0017d3898abc9edb
2026-02-13 04:59:56.728,ENG-MAC-04,morgan.sato,1,outlook.exe,"outlook.exe",explorer.exe,,,SHA256=000cde87a3f73b61000cde87a3f73b61000cde87a3f73b61000cde87a3f73b61
2026-02-13 05:09:37.349,ENG-MAC-17,svc-build,1,node,"node",launchd,,,SHA256=001d5e1469d83544001d5e1469d83544001d5e1469d83544001d5e1469d83544
2026-02-13 05:17:06.013,BLD-RUN-02,riley.kapoor,1,powershell.exe,"powershell.exe",explorer.exe,,,SHA256=000a3d3198a0874b000a3d3198a0874b000a3d3198a0874b000a3d3198a0874b
2026-02-13 05:22:22.221,ENG-MAC-04,svc-export,1,python3,"python3",systemd,,,SHA256=001379f7cd59e3e2001379f7cd59e3e2001379f7cd59e3e2001379f7cd59e3e2
2026-02-13 05:33:27.663,FIN-WS22,jamie.patel,1,git,"git",explorer.exe,,,SHA256=0016bf9a38c8818d0016bf9a38c8818d0016bf9a38c8818d0016bf9a38c8818d
2026-02-13 05:36:31.929,ENG-MAC-17,morgan.sato,1,outlook.exe,"outlook.exe",explorer.exe,,,SHA256=001ec00ad5b5b146001ec00ad5b5b146001ec00ad5b5b146001ec00ad5b5b146
2026-02-13 05:39:18.180,BLD-RUN-02,svc-export,1,git,"git",launchd,,,SHA256=000b9eeffc69278d000b9eeffc69278d000b9eeffc69278d000b9eeffc69278d
2026-02-13 05:48:45.722,ENG-MAC-04,svc-build,1,chrome.exe,"chrome.exe",explorer.exe,,,SHA256=0006d13024692c440006d13024692c440006d13024692c440006d13024692c44
2026-02-13 05:56:09.300,LINUX-JUMP-01,jamie.patel,1,node,"node",cmd.exe,,,SHA256=00037c61dfc0c6b000037c61dfc0c6b000037c61dfc0c6b000037c61dfc0c6b0
2026-02-13 05:59:06.417,ENG-MAC-04,taylor.owens,1,slack.exe,"slack.exe",cmd.exe,,,SHA256=0007c91c898a42360007c91c898a42360007c91c898a42360007c91c898a4236
2026-02-13 06:01:51.668,ENG-MAC-04,taylor.owens,1,powershell.exe,"powershell.exe",cmd.exe,,,SHA256=001c41bb9ee065b3001c41bb9ee065b3001c41bb9ee065b3001c41bb9ee065b3
2026-02-13 06:12:17.422,FIN-WS22,alex.chen,1,powershell.exe,"powershell.exe",systemd,,,SHA256=0009a34efdf93a750009a34efdf93a750009a34efdf93a750009a34efdf93a75
2026-02-13 06:23:08.299,ENG-MAC-04,morgan.sato,1,git,"git",cmd.exe,,,SHA256=001db40b1dd69948001db40b1dd69948001db40b1dd69948001db40b1dd69948
2026-02-13 06:29:16.730,FIN-WS22,alex.chen,1,python3,"python3",systemd,,,SHA256=0022a522fd53b3140022a522fd53b3140022a522fd53b3140022a522fd53b314
2026-02-13 06:36:21.069,BLD-RUN-02,riley.kapoor,1,outlook.exe,"outlook.exe",launchd,,,SHA256=002061c6b1bfbff4002061c6b1bfbff4002061c6b1bfbff4002061c6b1bfbff4
2026-02-13 06:45:27.655,BLD-RUN-02,svc-export,1,python3,"python3",cmd.exe,,,SHA256=000cb9a65810badc000cb9a65810badc000cb9a65810badc000cb9a65810badc
2026-02-13 06:51:34.102,BLD-RUN-02,taylor.owens,1,node,"node",systemd,,,SHA256=0004d0ee20dce1250004d0ee20dce1250004d0ee20dce1250004d0ee20dce125
2026-02-13 07:01:21.772,FIN-WS22,riley.kapoor,1,chrome.exe,"chrome.exe",systemd,,,SHA256=001a00bd7981648e001a00bd7981648e001a00bd7981648e001a00bd7981648e
2026-02-13 07:11:48.548,ENG-MAC-17,alex.chen,1,sshd,"sshd",explorer.exe,,,SHA256=000491aac3e2ab98000491aac3e2ab98000491aac3e2ab98000491aac3e2ab98
2026-02-13 07:18:55.095,BLD-RUN-02,alex.chen,1,sshd,"sshd",systemd,,,SHA256=0022833284356f560022833284356f560022833284356f560022833284356f56
2026-02-13 07:23:43.866,FIN-WS17,svc-export,1,outlook.exe,"outlook.exe",launchd,,,SHA256=001b566f66c14eed001b566f66c14eed001b566f66c14eed001b566f66c14eed
2026-02-13 07:30:54.184,FIN-WS17,morgan.sato,1,powershell.exe,"powershell.exe",explorer.exe,,,SHA256=0001c15486a6e08b0001c15486a6e08b0001c15486a6e08b0001c15486a6e08b
2026-02-13 07:41:51.358,LINUX-JUMP-01,taylor.owens,1,slack.exe,"slack.exe",explorer.exe,,,SHA256=00155dcbcbf32c8200155dcbcbf32c8200155dcbcbf32c8200155dcbcbf32c82
2026-02-13 07:50:14.474,ENG-MAC-17,taylor.owens,1,sshd,"sshd",cmd.exe,,,SHA256=0021327e7f1aaab00021327e7f1aaab00021327e7f1aaab00021327e7f1aaab0
2026-02-13 07:53:46.313,ENG-MAC-17,alex.chen,1,slack.exe,"slack.exe",cmd.exe,,,SHA256=000473afc5019b97000473afc5019b97000473afc5019b97000473afc5019b97
2026-02-13 08:02:28.768,ENG-MAC-04,morgan.sato,1,git,"git",cmd.exe,,,SHA256=000791d0c290bda7000791d0c290bda7000791d0c290bda7000791d0c290bda7
2026-02-13 08:05:35.763,ENG-MAC-17,taylor.owens,1,slack.exe,"slack.exe",launchd,,,SHA256=001087e7d0593ca3001087e7d0593ca3001087e7d0593ca3001087e7d0593ca3
2026-02-13 08:15:49.442,FIN-WS22,svc-export,1,slack.exe,"slack.exe",systemd,,,SHA256=000198703a011c31000198703a011c31000198703a011c31000198703a011c31
2026-02-13 08:23:19.469,ENG-MAC-17,taylor.owens,1,slack.exe,"slack.exe",systemd,,,SHA256=0004fed2260197f20004fed2260197f20004fed2260197f20004fed2260197f2
2026-02-13 08:30:43.545,FIN-WS17,riley.kapoor,1,git,"git",systemd,,,SHA256=000b028b0884d2ae000b028b0884d2ae000b028b0884d2ae000b028b0884d2ae
2026-02-13 08:40:32.361,FIN-WS17,taylor.owens,1,sshd,"sshd",systemd,,,SHA256=0020fa9b36c403820020fa9b36c403820020fa9b36c403820020fa9b36c40382
2026-02-13 08:51:05.591,ENG-MAC-04,riley.kapoor,1,git,"git",systemd,,,SHA256=00020b5bc780eb1000020b5bc780eb1000020b5bc780eb1000020b5bc780eb10
2026-02-13 08:54:17.327,FIN-WS17,alex.chen,1,outlook.exe,"outlook.exe",systemd,,,SHA256=0001d0da659c0c1d0001d0da659c0c1d0001d0da659c0c1d0001d0da659c0c1d
2026-02-13 08:59:48.487,FIN-WS17,alex.chen,1,python3,"python3",launchd,,,SHA256=0015ed16faf4ba220015ed16faf4ba220015ed16faf4ba220015ed16faf4ba22
2026-02-13 09:08:47.820,LINUX-JUMP-01,svc-build,1,python3,"python3",explorer.exe,,,SHA256=00063947f1f1ddb900063947f1f1ddb900063947f1f1ddb900063947f1f1ddb9
2026-02-13 09:13:18.635,ENG-MAC-17,riley.kapoor,1,sshd,"sshd",systemd,,,SHA256=0022c5861c7b21fa0022c5861c7b21fa0022c5861c7b21fa0022c5861c7b21fa
2026-02-13 09:19:00.408,FIN-WS17,taylor.owens,1,chrome.exe,"chrome.exe",explorer.exe,,,SHA256=0021cb9bf5cb67100021cb9bf5cb67100021cb9bf5cb67100021cb9bf5cb6710
2026-02-13 09:22:36.900,BLD-RUN-02,morgan.sato,1,powershell.exe,"powershell.exe",explorer.exe,,,SHA256=000ac88ab196a5b9000ac88ab196a5b9000ac88ab196a5b9000ac88ab196a5b9
2026-02-13 09:29:48.018,FIN-WS17,riley.kapoor,1,git,"git",explorer.exe,,,SHA256=000300fee7513479000300fee7513479000300fee7513479000300fee7513479
2026-02-13 09:36:12.744,FIN-WS22,svc-build,1,slack.exe,"slack.exe",launchd,,,SHA256=0017f2aae33a6a8c0017f2aae33a6a8c0017f2aae33a6a8c0017f2aae33a6a8c
2026-02-13 09:46:05.224,FIN-WS22,svc-build,1,powershell.exe,"powershell.exe",cmd.exe,,,SHA256=0005f0e2b0d43e0f0005f0e2b0d43e0f0005f0e2b0d43e0f0005f0e2b0d43e0f
2026-02-13 09:51:54.456,FIN-WS17,svc-export,1,powershell.exe,"powershell.exe",explorer.exe,,,SHA256=000fbaae592f81de000fbaae592f81de000fbaae592f81de000fbaae592f81de
2026-02-13 09:59:47.587,LINUX-JUMP-01,jamie.patel,1,outlook.exe,"outlook.exe",systemd,,,SHA256=001aecbea2a12503001aecbea2a12503001aecbea2a12503001aecbea2a12503
2026-02-13 10:06:44.033,ENG-MAC-04,riley.kapoor,1,python3,"python3",systemd,,,SHA256=001c015cb00618dc001c015cb00618dc001c015cb00618dc001c015cb00618dc
2026-02-13 10:14:07.654,LINUX-JUMP-01,taylor.owens,1,sshd,"sshd",systemd,,,SHA256=000fb882c2ca9c3b000fb882c2ca9c3b000fb882c2ca9c3b000fb882c2ca9c3b
2026-02-13 10:19:40.892,ENG-MAC-17,alex.chen,1,node,"node",cmd.exe,,,SHA256=000c12b68802692d000c12b68802692d000c12b68802692d000c12b68802692d
2026-02-13 10:29:20.866,LINUX-JUMP-01,riley.kapoor,1,slack.exe,"slack.exe",systemd,,,SHA256=001e9a133323f82f001e9a133323f82f001e9a133323f82f001e9a133323f82f
2026-02-13 10:39:04.215,ENG-MAC-17,taylor.owens,1,git,"git",cmd.exe,,,SHA256=0022bb33bb9586f00022bb33bb9586f00022bb33bb9586f00022bb33bb9586f0
2026-02-13 10:45:35.229,FIN-WS22,taylor.owens,1,sshd,"sshd",systemd,,,SHA256=0021400f429122020021400f429122020021400f429122020021400f42912202
2026-02-13 10:50:59.361,BLD-RUN-02,alex.chen,1,python3,"python3",cmd.exe,,,SHA256=000607d8f3b267f9000607d8f3b267f9000607d8f3b267f9000607d8f3b267f9
2026-02-13 10:58:09.261,BLD-RUN-02,riley.kapoor,1,node,"node",launchd,,,SHA256=001bb93fe32069e6001bb93fe32069e6001bb93fe32069e6001bb93fe32069e6
2026-02-13 11:01:19.398,FIN-WS22,taylor.owens,1,slack.exe,"slack.exe",explorer.exe,,,SHA256=001027c96eb6c047001027c96eb6c047001027c96eb6c047001027c96eb6c047
2026-02-13 11:11:03.310,LINUX-JUMP-01,svc-build,1,chrome.exe,"chrome.exe",explorer.exe,,,SHA256=000124a092eff4ac000124a092eff4ac000124a092eff4ac000124a092eff4ac
2026-02-13 11:19:28.434,ENG-MAC-17,riley.kapoor,1,slack.exe,"slack.exe",cmd.exe,,,SHA256=0020fd359acd8fc80020fd359acd8fc80020fd359acd8fc80020fd359acd8fc8
2026-02-13 11:23:20.006,FIN-WS17,riley.kapoor,1,outlook.exe,"outlook.exe",cmd.exe,,,SHA256=0014d15f4ba9c0aa0014d15f4ba9c0aa0014d15f4ba9c0aa0014d15f4ba9c0aa
2026-02-13 11:25:59.051,FIN-WS17,svc-build,1,slack.exe,"slack.exe",systemd,,,SHA256=001e10d220a27d4e001e10d220a27d4e001e10d220a27d4e001e10d220a27d4e
2026-02-13 11:29:10.190,LINUX-JUMP-01,taylor.owens,1,slack.exe,"slack.exe",systemd,,,SHA256=002248249dfa7dd0002248249dfa7dd0002248249dfa7dd0002248249dfa7dd0
2026-02-13 11:36:51.771,LINUX-JUMP-01,svc-build,1,powershell.exe,"powershell.exe",explorer.exe,,,SHA256=0018c421f2405ad30018c421f2405ad30018c421f2405ad30018c421f2405ad3
2026-02-13 11:46:31.339,ENG-MAC-17,morgan.sato,1,outlook.exe,"outlook.exe",launchd,,,SHA256=001cf00d42b6b50b001cf00d42b6b50b001cf00d42b6b50b001cf00d42b6b50b
2026-02-13 11:56:30.115,FIN-WS22,taylor.owens,1,git,"git",launchd,,,SHA256=000ce1dcaa736eeb000ce1dcaa736eeb000ce1dcaa736eeb000ce1dcaa736eeb
2026-02-13 11:59:26.083,ENG-MAC-17,svc-export,1,slack.exe,"slack.exe",explorer.exe,,,SHA256=0008f7482faffada0008f7482faffada0008f7482faffada0008f7482faffada
2026-02-13 12:09:40.429,BLD-RUN-02,svc-export,1,slack.exe,"slack.exe",launchd,,,SHA256=0007b725c37e5f880007b725c37e5f880007b725c37e5f880007b725c37e5f88
2026-02-13 12:14:59.072,BLD-RUN-02,jamie.patel,1,outlook.exe,"outlook.exe",launchd,,,SHA256=00021aec0501293100021aec0501293100021aec0501293100021aec05012931
2026-02-13 12:22:11.280,LINUX-JUMP-01,svc-build,1,sshd,"sshd",systemd,,,SHA256=0009f59afa95d9f40009f59afa95d9f40009f59afa95d9f40009f59afa95d9f4
2026-02-13 12:27:11.041,BLD-RUN-02,taylor.owens,1,node,"node",explorer.exe,,,SHA256=002193bfc580dc8e002193bfc580dc8e002193bfc580dc8e002193bfc580dc8e
2026-02-13 12:32:22.853,FIN-WS22,riley.kapoor,1,chrome.exe,"chrome.exe",cmd.exe,,,SHA256=001bb7904f8f540a001bb7904f8f540a001bb7904f8f540a001bb7904f8f540a
2026-02-13 12:40:59.585,LINUX-JUMP-01,svc-build,1,git,"git",cmd.exe,,,SHA256=000d4f6f68f9b057000d4f6f68f9b057000d4f6f68f9b057000d4f6f68f9b057
2026-02-13 12:43:42.412,FIN-WS17,taylor.owens,1,sshd,"sshd",explorer.exe,,,SHA256=001a30eb9dd882b6001a30eb9dd882b6001a30eb9dd882b6001a30eb9dd882b6
2026-02-13 12:53:56.754,FIN-WS22,morgan.sato,1,git,"git",cmd.exe,,,SHA256=00186795ff06f67c00186795ff06f67c00186795ff06f67c00186795ff06f67c
2026-02-13 13:05:17.492,ENG-MAC-17,svc-build,1,python3,"python3",cmd.exe,,,SHA256=000f3754558661ae000f3754558661ae000f3754558661ae000f3754558661ae
2026-02-13 13:13:44.203,FIN-WS22,alex.chen,1,node,"node",launchd,,,SHA256=001185fd5fbae64c001185fd5fbae64c001185fd5fbae64c001185fd5fbae64c
2026-02-13 13:17:24.135,LINUX-JUMP-01,riley.kapoor,1,node,"node",explorer.exe,,,SHA256=001dd3d8ca6de870001dd3d8ca6de870001dd3d8ca6de870001dd3d8ca6de870
2026-02-13 13:24:27.275,ENG-MAC-04,morgan.sato,1,sshd,"sshd",cmd.exe,,,SHA256=0014e10fc49e7e910014e10fc49e7e910014e10fc49e7e910014e10fc49e7e91
2026-02-13 13:30:23.096,BLD-RUN-02,alex.chen,1,python3,"python3",cmd.exe,,,SHA256=0010a288396fc87e0010a288396fc87e0010a288396fc87e0010a288396fc87e
2026-02-13 13:40:00.001,BLD-RUN-02,morgan.sato,1,python3,"python3",launchd,,,SHA256=001e5f1e3e1496f2001e5f1e3e1496f2001e5f1e3e1496f2001e5f1e3e1496f2
2026-02-13 13:44:42.577,ENG-MAC-04,taylor.owens,1,sshd,"sshd",systemd,,,SHA256=0002ebb59d9ad0d70002ebb59d9ad0d70002ebb59d9ad0d70002ebb59d9ad0d7
2026-02-13 13:55:33.643,FIN-WS22,svc-build,1,git,"git",launchd,,,SHA256=00204af34c3ddc8800204af34c3ddc8800204af34c3ddc8800204af34c3ddc88
2026-02-13 14:00:21.662,LINUX-JUMP-01,svc-export,1,node,"node",explorer.exe,,,SHA256=000a8fb4b11ed2b8000a8fb4b11ed2b8000a8fb4b11ed2b8000a8fb4b11ed2b8
2026-02-13 14:08:52.006,FIN-WS22,morgan.sato,1,git,"git",cmd.exe,,,SHA256=000fefcc129ab5c1000fefcc129ab5c1000fefcc129ab5c1000fefcc129ab5c1
2026-02-13 14:19:54.266,FIN-WS17,riley.kapoor,1,node,"node",systemd,,,SHA256=0002df671c5123920002df671c5123920002df671c5123920002df671c512392
2026-02-13 14:27:17.411,FIN-WS22,svc-export,1,sshd,"sshd",explorer.exe,,,SHA256=0013f74b685d49740013f74b685d49740013f74b685d49740013f74b685d4974
2026-02-13 14:33:09.027,ENG-MAC-04,morgan.sato,1,slack.exe,"slack.exe",cmd.exe,,,SHA256=001341e2b1f0184e001341e2b1f0184e001341e2b1f0184e001341e2b1f0184e
2026-02-13 14:40:41.798,ENG-MAC-17,svc-export,1,sshd,"sshd",cmd.exe,,,SHA256=0010951595072543001095159507254300109515950725430010951595072543
2026-02-13 14:46:26.182,LINUX-JUMP-01,riley.kapoor,1,python3,"python3",launchd,,,SHA256=0015ec2a583115be0015ec2a583115be0015ec2a583115be0015ec2a583115be
2026-02-13 14:53:18.085,FIN-WS22,morgan.sato,1,node,"node",systemd,,,SHA256=000edca720ee3f37000edca720ee3f37000edca720ee3f37000edca720ee3f37
2026-02-13 14:56:08.131,FIN-WS17,svc-export,1,powershell.exe,"powershell.exe",launchd,,,SHA256=00121b2682f2126500121b2682f2126500121b2682f2126500121b2682f21265
2026-02-13 15:01:37.532,ENG-MAC-04,svc-build,1,python3,"python3",systemd,,,SHA256=001b6dd292604e98001b6dd292604e98001b6dd292604e98001b6dd292604e98
2026-02-13 15:07:05.967,BLD-RUN-02,svc-build,1,chrome.exe,"chrome.exe",launchd,,,SHA256=00235f42863ba56a00235f42863ba56a00235f42863ba56a00235f42863ba56a
2026-02-13 15:17:59.463,ENG-MAC-17,jamie.patel,1,node,"node",cmd.exe,,,SHA256=000f605d38d8b80b000f605d38d8b80b000f605d38d8b80b000f605d38d8b80b
2026-02-13 15:24:19.926,FIN-WS17,svc-export,1,outlook.exe,"outlook.exe",explorer.exe,,,SHA256=0021cc12c0befed80021cc12c0befed80021cc12c0befed80021cc12c0befed8
2026-02-13 15:32:50.354,BLD-RUN-02,taylor.owens,1,python3,"python3",cmd.exe,,,SHA256=000646d4a32f88f1000646d4a32f88f1000646d4a32f88f1000646d4a32f88f1
2026-02-13 15:39:17.292,ENG-MAC-17,jamie.patel,1,outlook.exe,"outlook.exe",launchd,,,SHA256=001962e068b06519001962e068b06519001962e068b06519001962e068b06519
2026-02-13 15:48:29.889,FIN-WS22,riley.kapoor,1,git,"git",explorer.exe,,,SHA256=0014934bfd883dfe0014934bfd883dfe0014934bfd883dfe0014934bfd883dfe
2026-02-13 15:57:46.950,FIN-WS17,taylor.owens,1,outlook.exe,"outlook.exe",cmd.exe,,,SHA256=0004ecb615fc13b30004ecb615fc13b30004ecb615fc13b30004ecb615fc13b3
2026-02-13 16:05:52.235,FIN-WS17,riley.kapoor,1,python3,"python3",systemd,,,SHA256=0012f9942bc751170012f9942bc751170012f9942bc751170012f9942bc75117
2026-02-13 16:15:35.383,ENG-MAC-04,taylor.owens,1,powershell.exe,"powershell.exe",cmd.exe,,,SHA256=000fe5357bd79744000fe5357bd79744000fe5357bd79744000fe5357bd79744
2026-02-13 16:21:51.406,ENG-MAC-17,taylor.owens,1,node,"node",systemd,,,SHA256=00153e5931c3ca7000153e5931c3ca7000153e5931c3ca7000153e5931c3ca70
2026-02-13 16:26:24.550,ENG-MAC-17,jamie.patel,1,python3,"python3",systemd,,,SHA256=0008f53d144f02bb0008f53d144f02bb0008f53d144f02bb0008f53d144f02bb
2026-02-13 16:33:10.196,ENG-MAC-04,alex.chen,1,node,"node",systemd,,,SHA256=0016dc178a0b50e40016dc178a0b50e40016dc178a0b50e40016dc178a0b50e4
2026-02-13 16:41:57.693,LINUX-JUMP-01,morgan.sato,1,outlook.exe,"outlook.exe",systemd,,,SHA256=000c04db967599d7000c04db967599d7000c04db967599d7000c04db967599d7
2026-02-13 16:47:32.815,ENG-MAC-17,alex.chen,1,sshd,"sshd",cmd.exe,,,SHA256=0013cc96f35275950013cc96f35275950013cc96f35275950013cc96f3527595
2026-02-13 16:57:34.761,ENG-MAC-04,svc-build,1,git,"git",launchd,,,SHA256=0002ef7db3b1cce30002ef7db3b1cce30002ef7db3b1cce30002ef7db3b1cce3
2026-02-13 17:08:11.953,LINUX-JUMP-01,morgan.sato,1,git,"git",explorer.exe,,,SHA256=002253f79b8f36c6002253f79b8f36c6002253f79b8f36c6002253f79b8f36c6
2026-02-13 17:10:44.742,ENG-MAC-17,taylor.owens,1,python3,"python3",cmd.exe,,,SHA256=0015a54d2caca1b20015a54d2caca1b20015a54d2caca1b20015a54d2caca1b2
2026-02-13 17:16:41.649,FIN-WS17,svc-export,1,sshd,"sshd",systemd,,,SHA256=00080528bbeaf5f700080528bbeaf5f700080528bbeaf5f700080528bbeaf5f7
2026-02-13 17:27:37.850,ENG-MAC-04,riley.kapoor,1,python3,"python3",explorer.exe,,,SHA256=0001960bd1bee5d70001960bd1bee5d70001960bd1bee5d70001960bd1bee5d7
2026-02-13 17:34:17.960,ENG-MAC-04,svc-export,1,node,"node",launchd,,,SHA256=0005888350b95d400005888350b95d400005888350b95d400005888350b95d40
2026-02-13 17:40:46.106,BLD-RUN-02,taylor.owens,1,slack.exe,"slack.exe",cmd.exe,,,SHA256=00110fa47648c62800110fa47648c62800110fa47648c62800110fa47648c628
2026-02-13 17:50:10.039,LINUX-JUMP-01,taylor.owens,1,python3,"python3",explorer.exe,,,SHA256=000929bfccb0eff2000929bfccb0eff2000929bfccb0eff2000929bfccb0eff2
2026-02-13 17:58:36.505,FIN-WS22,alex.chen,1,chrome.exe,"chrome.exe",systemd,,,SHA256=0011dcd865a2a7740011dcd865a2a7740011dcd865a2a7740011dcd865a2a774
2026-02-13 18:04:34.865,BLD-RUN-02,taylor.owens,1,node,"node",launchd,,,SHA256=000e2a1bb8ba426b000e2a1bb8ba426b000e2a1bb8ba426b000e2a1bb8ba426b
2026-02-13 18:12:46.564,FIN-WS22,taylor.owens,1,git,"git",launchd,,,SHA256=000e425da73b5c81000e425da73b5c81000e425da73b5c81000e425da73b5c81
2026-02-13 18:17:49.501,ENG-MAC-17,riley.kapoor,1,python3,"python3",cmd.exe,,,SHA256=0006d6f2d57b15380006d6f2d57b15380006d6f2d57b15380006d6f2d57b1538
2026-02-13 18:21:27.688,FIN-WS17,svc-export,1,outlook.exe,"outlook.exe",cmd.exe,,,SHA256=000e93fc76f9154b000e93fc76f9154b000e93fc76f9154b000e93fc76f9154b
2026-02-13 18:30:05.363,ENG-MAC-04,svc-export,1,sshd,"sshd",explorer.exe,,,SHA256=00143ce55b83cf7000143ce55b83cf7000143ce55b83cf7000143ce55b83cf70
2026-02-13 18:41:27.404,BLD-RUN-02,morgan.sato,1,python3,"python3",systemd,,,SHA256=00153f7b2bfea37a00153f7b2bfea37a00153f7b2bfea37a00153f7b2bfea37a
2026-02-13 18:51:09.619,ENG-MAC-04,jamie.patel,1,sshd,"sshd",launchd,,,SHA256=00095711e629144d00095711e629144d00095711e629144d00095711e629144d
2026-02-13 18:57:57.144,FIN-WS17,taylor.owens,1,python3,"python3",cmd.exe,,,SHA256=00094079969bf02300094079969bf02300094079969bf02300094079969bf023
2026-02-13 19:05:29.466,BLD-RUN-02,svc-build,1,git,"git",cmd.exe,,,SHA256=00070696ec17700d00070696ec17700d00070696ec17700d00070696ec17700d
2026-02-13 19:11:17.883,FIN-WS22,svc-export,1,python3,"python3",launchd,,,SHA256=0020fbc818a6bec20020fbc818a6bec20020fbc818a6bec20020fbc818a6bec2
2026-02-13 19:14:35.642,LINUX-JUMP-01,svc-export,1,slack.exe,"slack.exe",systemd,,,SHA256=0000b6d59bc2580a0000b6d59bc2580a0000b6d59bc2580a0000b6d59bc2580a
2026-02-13 19:23:31.561,FIN-WS22,riley.kapoor,1,git,"git",cmd.exe,,,SHA256=000c6c69eb981975000c6c69eb981975000c6c69eb981975000c6c69eb981975
2026-02-13 19:27:32.173,FIN-WS22,alex.chen,1,chrome.exe,"chrome.exe",launchd,,,SHA256=0008be23369cfa170008be23369cfa170008be23369cfa170008be23369cfa17
2026-02-13 19:35:31.840,FIN-WS17,jamie.patel,1,chrome.exe,"chrome.exe",launchd,,,SHA256=0001e153eb1e027c0001e153eb1e027c0001e153eb1e027c0001e153eb1e027c
2026-02-13 19:46:39.974,ENG-MAC-04,alex.chen,1,node,"node",cmd.exe,,,SHA256=001b4c8a97a4971d001b4c8a97a4971d001b4c8a97a4971d001b4c8a97a4971d
2026-02-13 19:52:23.387,ENG-MAC-04,jamie.patel,1,git,"git",explorer.exe,,,SHA256=000c984e72d046f0000c984e72d046f0000c984e72d046f0000c984e72d046f0
2026-02-13 20:00:32.540,FIN-WS17,svc-build,1,node,"node",launchd,,,SHA256=0018fd3e4a4264f50018fd3e4a4264f50018fd3e4a4264f50018fd3e4a4264f5
2026-02-13 20:10:24.470,LINUX-JUMP-01,taylor.owens,1,git,"git",systemd,,,SHA256=002095c8aed38ec2002095c8aed38ec2002095c8aed38ec2002095c8aed38ec2
2026-02-13 20:19:22.590,FIN-WS17,svc-build,1,node,"node",launchd,,,SHA256=001ce54e73773385001ce54e73773385001ce54e73773385001ce54e73773385
2026-02-13 20:30:03.312,ENG-MAC-04,svc-build,1,python3,"python3",cmd.exe,,,SHA256=0007cd7b714d05f50007cd7b714d05f50007cd7b714d05f50007cd7b714d05f5
2026-02-13 20:36:09.173,BLD-RUN-02,alex.chen,1,powershell.exe,"powershell.exe",explorer.exe,,,SHA256=00231d6c7d6a512000231d6c7d6a512000231d6c7d6a512000231d6c7d6a5120
2026-02-13 20:43:04.253,ENG-MAC-17,svc-export,1,powershell.exe,"powershell.exe",systemd,,,SHA256=00136bc5e7463b1e00136bc5e7463b1e00136bc5e7463b1e00136bc5e7463b1e
2026-02-13 20:53:55.339,LINUX-JUMP-01,alex.chen,1,slack.exe,"slack.exe",systemd,,,SHA256=00128e779db46a1900128e779db46a1900128e779db46a1900128e779db46a19
2026-02-13 20:57:35.396,FIN-WS17,jamie.patel,1,python3,"python3",explorer.exe,,,SHA256=000cc3be39b80f1b000cc3be39b80f1b000cc3be39b80f1b000cc3be39b80f1b
2026-02-13 21:08:37.115,FIN-WS22,riley.kapoor,1,python3,"python3",systemd,,,SHA256=0005ebc3fce65fa70005ebc3fce65fa70005ebc3fce65fa70005ebc3fce65fa7
2026-02-13 21:15:15.042,FIN-WS22,svc-export,1,chrome.exe,"chrome.exe",launchd,,,SHA256=00057957f88fd21100057957f88fd21100057957f88fd21100057957f88fd211
2026-02-13 21:22:05.169,FIN-WS22,riley.kapoor,1,slack.exe,"slack.exe",cmd.exe,,,SHA256=0007050eb2f751ff0007050eb2f751ff0007050eb2f751ff0007050eb2f751ff
2026-02-13 21:25:49.856,ENG-MAC-17,morgan.sato,1,powershell.exe,"powershell.exe",systemd,,,SHA256=00061349d541e9aa00061349d541e9aa00061349d541e9aa00061349d541e9aa
2026-02-13 21:34:51.137,ENG-MAC-04,svc-export,1,sshd,"sshd",cmd.exe,,,SHA256=0022cf2aa54159ae0022cf2aa54159ae0022cf2aa54159ae0022cf2aa54159ae
2026-02-13 21:43:03.297,ENG-MAC-04,morgan.sato,1,python3,"python3",cmd.exe,,,SHA256=0013e066c68d9c8e0013e066c68d9c8e0013e066c68d9c8e0013e066c68d9c8e
2026-02-13 21:54:31.243,FIN-WS22,alex.chen,1,git,"git",explorer.exe,,,SHA256=001b10d1b198ac37001b10d1b198ac37001b10d1b198ac37001b10d1b198ac37
2026-02-13 21:59:48.513,BLD-RUN-02,riley.kapoor,1,sshd,"sshd",cmd.exe,,,SHA256=001e9c992e77df21001e9c992e77df21001e9c992e77df21001e9c992e77df21
2026-02-13 22:06:30.445,ENG-MAC-04,jamie.patel,1,chrome.exe,"chrome.exe",explorer.exe,,,SHA256=00186af6ba4827ec00186af6ba4827ec00186af6ba4827ec00186af6ba4827ec
2026-02-13 22:14:05.489,ENG-MAC-04,morgan.sato,1,outlook.exe,"outlook.exe",cmd.exe,,,SHA256=0020c62766383d7e0020c62766383d7e0020c62766383d7e0020c62766383d7e
2026-02-13 22:21:10.978,ENG-MAC-04,alex.chen,1,slack.exe,"slack.exe",explorer.exe,,,SHA256=00091a1ff953830f00091a1ff953830f00091a1ff953830f00091a1ff953830f
2026-02-13 22:32:37.892,LINUX-JUMP-01,alex.chen,1,slack.exe,"slack.exe",explorer.exe,,,SHA256=0014d2e980fe3eb20014d2e980fe3eb20014d2e980fe3eb20014d2e980fe3eb2
2026-02-13 22:42:19.789,FIN-WS22,morgan.sato,1,slack.exe,"slack.exe",explorer.exe,,,SHA256=00199c4074f19a2b00199c4074f19a2b00199c4074f19a2b00199c4074f19a2b
2026-02-13 22:52:10.652,BLD-RUN-02,alex.chen,1,slack.exe,"slack.exe",systemd,,,SHA256=001bf990e12add3c001bf990e12add3c001bf990e12add3c001bf990e12add3c
2026-02-13 22:59:09.975,FIN-WS17,jamie.patel,1,chrome.exe,"chrome.exe",cmd.exe,,,SHA256=00055c11337f99ae00055c11337f99ae00055c11337f99ae00055c11337f99ae
2026-02-13 23:02:04.978,ENG-MAC-17,jamie.patel,1,chrome.exe,"chrome.exe",systemd,,,SHA256=001fed4b5981f0c3001fed4b5981f0c3001fed4b5981f0c3001fed4b5981f0c3
2026-02-13 23:06:01.974,ENG-MAC-04,riley.kapoor,1,slack.exe,"slack.exe",cmd.exe,,,SHA256=00055ebf2041feca00055ebf2041feca00055ebf2041feca00055ebf2041feca
2026-02-13 23:09:53.092,FIN-WS22,svc-build,1,chrome.exe,"chrome.exe",cmd.exe,,,SHA256=000fa617dc94a517000fa617dc94a517000fa617dc94a517000fa617dc94a517
2026-02-13 23:14:10.865,BLD-RUN-02,svc-export,1,chrome.exe,"chrome.exe",launchd,,,SHA256=0010a0d3f90cab8d0010a0d3f90cab8d0010a0d3f90cab8d0010a0d3f90cab8d
2026-02-13 23:18:10.629,FIN-WS22,taylor.owens,1,slack.exe,"slack.exe",cmd.exe,,,SHA256=0012578fabc95a6d0012578fabc95a6d0012578fabc95a6d0012578fabc95a6d
2026-02-13 23:20:56.783,FIN-WS17,alex.chen,1,python3,"python3",systemd,,,SHA256=00225bb5fe468a3e00225bb5fe468a3e00225bb5fe468a3e00225bb5fe468a3e
2026-02-13 23:28:10.251,LINUX-JUMP-01,alex.chen,1,sshd,"sshd",cmd.exe,,,SHA256=001499a393558ad5001499a393558ad5001499a393558ad5001499a393558ad5
2026-02-13 23:32:56.055,FIN-WS17,svc-export,1,slack.exe,"slack.exe",launchd,,,SHA256=00197e6da20f7bf700197e6da20f7bf700197e6da20f7bf700197e6da20f7bf7
2026-02-13 23:35:55.647,LINUX-JUMP-01,svc-export,1,python3,"python3",cmd.exe,,,SHA256=000e09cb78fc90fe000e09cb78fc90fe000e09cb78fc90fe000e09cb78fc90fe
2026-02-13 23:42:41.304,LINUX-JUMP-01,riley.kapoor,1,chrome.exe,"chrome.exe",cmd.exe,,,SHA256=0005f5440b4f8e890005f5440b4f8e890005f5440b4f8e890005f5440b4f8e89
2026-02-13 23:53:20.737,FIN-WS17,taylor.owens,1,outlook.exe,"outlook.exe",systemd,,,SHA256=000a96c9b3856c2d000a96c9b3856c2d000a96c9b3856c2d000a96c9b3856c2d
2026-02-14 00:01:39.388,BLD-RUN-02,morgan.sato,1,slack.exe,"slack.exe",cmd.exe,,,SHA256=0016ea2ca05ab58f0016ea2ca05ab58f0016ea2ca05ab58f0016ea2ca05ab58f
2026-02-14 00:07:34.501,ENG-MAC-04,svc-build,1,outlook.exe,"outlook.exe",explorer.exe,,,SHA256=00043b814b10dd7900043b814b10dd7900043b814b10dd7900043b814b10dd79
2026-02-14 00:10:06.663,LINUX-JUMP-01,alex.chen,1,node,"node",systemd,,,SHA256=0017ac64978982cb0017ac64978982cb0017ac64978982cb0017ac64978982cb
2026-02-14 00:20:37.492,BLD-RUN-02,taylor.owens,1,git,"git",launchd,,,SHA256=000d63f22dac7a4a000d63f22dac7a4a000d63f22dac7a4a000d63f22dac7a4a
2026-02-14 00:32:01.698,ENG-MAC-17,svc-build,1,chrome.exe,"chrome.exe",systemd,,,SHA256=001c22cd652399c8001c22cd652399c8001c22cd652399c8001c22cd652399c8
2026-02-14 00:39:31.710,FIN-WS22,svc-export,1,chrome.exe,"chrome.exe",systemd,,,SHA256=00155aa511a6901300155aa511a6901300155aa511a6901300155aa511a69013
2026-02-14 00:48:46.164,BLD-RUN-02,taylor.owens,1,chrome.exe,"chrome.exe",launchd,,,SHA256=000044ccd10bdaaf000044ccd10bdaaf000044ccd10bdaaf000044ccd10bdaaf
2026-02-14 00:52:31.138,ENG-MAC-17,svc-build,1,powershell.exe,"powershell.exe",launchd,,,SHA256=001fcaf82861f54d001fcaf82861f54d001fcaf82861f54d001fcaf82861f54d
2026-02-14 00:55:45.286,FIN-WS22,taylor.owens,1,outlook.exe,"outlook.exe",systemd,,,SHA256=001ee36cf230806b001ee36cf230806b001ee36cf230806b001ee36cf230806b
2026-02-14 01:01:15.882,FIN-WS22,riley.kapoor,1,git,"git",cmd.exe,,,SHA256=00036c2ab38c23b600036c2ab38c23b600036c2ab38c23b600036c2ab38c23b6
2026-02-14 01:12:09.835,ENG-MAC-17,taylor.owens,1,git,"git",launchd,,,SHA256=001fd8517389adfb001fd8517389adfb001fd8517389adfb001fd8517389adfb
2026-02-14 01:20:18.459,LINUX-JUMP-01,jamie.patel,1,outlook.exe,"outlook.exe",explorer.exe,,,SHA256=000539e9269837c9000539e9269837c9000539e9269837c9000539e9269837c9
2026-02-14 01:30:02.287,FIN-WS22,taylor.owens,1,git,"git",explorer.exe,,,SHA256=0021820545562716002182054556271600218205455627160021820545562716
2026-02-14 01:34:26.409,FIN-WS17,taylor.owens,1,outlook.exe,"outlook.exe",launchd,,,SHA256=0012cc38c0b7b1800012cc38c0b7b1800012cc38c0b7b1800012cc38c0b7b180
2026-02-14 01:43:00.380,LINUX-JUMP-01,morgan.sato,1,chrome.exe,"chrome.exe",explorer.exe,,,SHA256=00132f1bd839300500132f1bd839300500132f1bd839300500132f1bd8393005
2026-02-14 01:51:51.054,FIN-WS22,svc-build,1,slack.exe,"slack.exe",explorer.exe,,,SHA256=001f2e90ff1c1248001f2e90ff1c1248001f2e90ff1c1248001f2e90ff1c1248
2026-02-14 01:57:11.952,LINUX-JUMP-01,jamie.patel,1,sshd,"sshd",cmd.exe,,,SHA256=000f56b76f7ed0ba000f56b76f7ed0ba000f56b76f7ed0ba000f56b76f7ed0ba
2026-02-14 02:05:27.813,FIN-WS17,alex.chen,1,sshd,"sshd",launchd,,,SHA256=0004a744ca9eb4420004a744ca9eb4420004a744ca9eb4420004a744ca9eb442
2026-02-14 02:08:45.536,BLD-RUN-02,jamie.patel,1,git,"git",launchd,,,SHA256=001c8074bb9bf736001c8074bb9bf736001c8074bb9bf736001c8074bb9bf736
2026-02-14 02:19:59.139,FIN-WS22,svc-build,1,chrome.exe,"chrome.exe",explorer.exe,,,SHA256=001d4d0a9af076c3001d4d0a9af076c3001d4d0a9af076c3001d4d0a9af076c3
2026-02-14 02:27:41.838,LINUX-JUMP-01,riley.kapoor,1,git,"git",explorer.exe,,,SHA256=00209591f5c1351c00209591f5c1351c00209591f5c1351c00209591f5c1351c
2026-02-14 02:30:46.759,ENG-MAC-17,svc-export,1,node,"node",systemd,,,SHA256=000dee9d9c081c04000dee9d9c081c04000dee9d9c081c04000dee9d9c081c04
2026-02-14 02:39:41.841,FIN-WS17,riley.kapoor,1,chrome.exe,"chrome.exe",explorer.exe,,,SHA256=00060d35b2c1148e00060d35b2c1148e00060d35b2c1148e00060d35b2c1148e
2026-02-14 02:50:45.508,LINUX-JUMP-01,alex.chen,1,outlook.exe,"outlook.exe",systemd,,,SHA256=00148695e267742b00148695e267742b00148695e267742b00148695e267742b
2026-02-14 02:54:47.896,BLD-RUN-02,svc-build,1,outlook.exe,"outlook.exe",cmd.exe,,,SHA256=001b47763f7b4053001b47763f7b4053001b47763f7b4053001b47763f7b4053
2026-02-14 03:04:06.712,BLD-RUN-02,alex.chen,1,sshd,"sshd",cmd.exe,,,SHA256=000b8cd186fdb17d000b8cd186fdb17d000b8cd186fdb17d000b8cd186fdb17d
2026-02-14 03:08:44.801,FIN-WS22,morgan.sato,1,powershell.exe,"powershell.exe",systemd,,,SHA256=0012f921b7e1fb220012f921b7e1fb220012f921b7e1fb220012f921b7e1fb22
2026-02-14 03:16:44.646,ENG-MAC-04,alex.chen,1,node,"node",cmd.exe,,,SHA256=001a8e2e9fdc81e4001a8e2e9fdc81e4001a8e2e9fdc81e4001a8e2e9fdc81e4
2026-02-14 03:23:08.474,BLD-RUN-02,morgan.sato,1,git,"git",systemd,,,SHA256=0014661b5cc3a24d0014661b5cc3a24d0014661b5cc3a24d0014661b5cc3a24d
2026-02-14 03:29:55.265,FIN-WS17,svc-export,1,node,"node",cmd.exe,,,SHA256=000172c66372c99d000172c66372c99d000172c66372c99d000172c66372c99d
2026-02-14 03:37:20.472,ENG-MAC-04,morgan.sato,1,python3,"python3",cmd.exe,,,SHA256=001ba0a0953e3796001ba0a0953e3796001ba0a0953e3796001ba0a0953e3796
2026-02-14 03:45:42.007,FIN-WS22,svc-build,1,git,"git",launchd,,,SHA256=000fee41951c1b45000fee41951c1b45000fee41951c1b45000fee41951c1b45
2026-02-14 03:56:27.219,BLD-RUN-02,riley.kapoor,1,outlook.exe,"outlook.exe",systemd,,,SHA256=000e172fd9df2e4b000e172fd9df2e4b000e172fd9df2e4b000e172fd9df2e4b
2026-02-14 04:07:19.102,ENG-MAC-04,riley.kapoor,1,chrome.exe,"chrome.exe",launchd,,,SHA256=0016a33391d349060016a33391d349060016a33391d349060016a33391d34906
2026-02-14 04:10:33.436,LINUX-JUMP-01,taylor.owens,1,chrome.exe,"chrome.exe",cmd.exe,,,SHA256=00068aa5388cf7a500068aa5388cf7a500068aa5388cf7a500068aa5388cf7a5
2026-02-14 04:18:48.435,ENG-MAC-17,morgan.sato,1,git,"git",explorer.exe,,,SHA256=0003545712bbab1b0003545712bbab1b0003545712bbab1b0003545712bbab1b
2026-02-14 04:22:39.890,FIN-WS17,alex.chen,1,sshd,"sshd",explorer.exe,,,SHA256=001d59f7dcc60a62001d59f7dcc60a62001d59f7dcc60a62001d59f7dcc60a62
2026-02-14 04:25:41.643,FIN-WS22,alex.chen,1,outlook.exe,"outlook.exe",systemd,,,SHA256=000e3c7e017af78d000e3c7e017af78d000e3c7e017af78d000e3c7e017af78d
2026-02-14 04:32:46.200,LINUX-JUMP-01,riley.kapoor,1,python3,"python3",launchd,,,SHA256=00172a5421b961a000172a5421b961a000172a5421b961a000172a5421b961a0
2026-02-14 04:43:44.758,FIN-WS17,jamie.patel,1,outlook.exe,"outlook.exe",explorer.exe,,,SHA256=0011db1f9359c7270011db1f9359c7270011db1f9359c7270011db1f9359c727
2026-02-14 04:52:40.076,ENG-MAC-04,svc-build,1,sshd,"sshd",launchd,,,SHA256=001e76c67e71aefb001e76c67e71aefb001e76c67e71aefb001e76c67e71aefb
2026-02-14 04:56:18.321,FIN-WS17,jamie.patel,1,git,"git",launchd,,,SHA256=000b5b45e7e223bb000b5b45e7e223bb000b5b45e7e223bb000b5b45e7e223bb
2026-02-14 05:05:04.981,FIN-WS22,morgan.sato,1,outlook.exe,"outlook.exe",explorer.exe,,,SHA256=0019bfc8dea2bbe80019bfc8dea2bbe80019bfc8dea2bbe80019bfc8dea2bbe8
2026-02-14 05:11:51.520,ENG-MAC-17,riley.kapoor,1,node,"node",cmd.exe,,,SHA256=000b60c73a48bb9a000b60c73a48bb9a000b60c73a48bb9a000b60c73a48bb9a
2026-02-14 05:19:58.820,ENG-MAC-17,svc-build,1,outlook.exe,"outlook.exe",launchd,,,SHA256=001467e5ddfbb652001467e5ddfbb652001467e5ddfbb652001467e5ddfbb652
2026-02-14 05:28:04.535,BLD-RUN-02,svc-build,1,powershell.exe,"powershell.exe",cmd.exe,,,SHA256=0020589a4ced96500020589a4ced96500020589a4ced96500020589a4ced9650
2026-02-14 05:30:46.920,LINUX-JUMP-01,alex.chen,1,slack.exe,"slack.exe",cmd.exe,,,SHA256=000f5bf8df336474000f5bf8df336474000f5bf8df336474000f5bf8df336474
2026-02-14 05:35:38.888,ENG-MAC-04,svc-build,1,outlook.exe,"outlook.exe",launchd,,,SHA256=001aa816236c669e001aa816236c669e001aa816236c669e001aa816236c669e
2026-02-14 05:38:33.149,LINUX-JUMP-01,svc-build,1,git,"git",systemd,,,SHA256=0017045a6f857bf80017045a6f857bf80017045a6f857bf80017045a6f857bf8
2026-02-14 05:49:51.244,FIN-WS17,svc-build,1,outlook.exe,"outlook.exe",launchd,,,SHA256=000ca94ac9ebd5bc000ca94ac9ebd5bc000ca94ac9ebd5bc000ca94ac9ebd5bc
2026-02-14 06:01:03.681,ENG-MAC-04,svc-export,1,python3,"python3",cmd.exe,,,SHA256=0021988ca5be98500021988ca5be98500021988ca5be98500021988ca5be9850
2026-02-14 06:10:51.697,BLD-RUN-02,taylor.owens,1,powershell.exe,"powershell.exe",explorer.exe,,,SHA256=00154e44187a63cf00154e44187a63cf00154e44187a63cf00154e44187a63cf
2026-02-14 06:15:58.511,FIN-WS22,jamie.patel,1,slack.exe,"slack.exe",explorer.exe,,,SHA256=0016fa66666a8c530016fa66666a8c530016fa66666a8c530016fa66666a8c53
2026-02-14 06:19:23.231,ENG-MAC-04,taylor.owens,1,git,"git",systemd,,,SHA256=00220ef88986b9a600220ef88986b9a600220ef88986b9a600220ef88986b9a6
2026-02-14 06:22:16.472,ENG-MAC-04,morgan.sato,1,sshd,"sshd",cmd.exe,,,SHA256=00018aa1c3660b1a00018aa1c3660b1a00018aa1c3660b1a00018aa1c3660b1a
2026-02-14 06:27:24.666,ENG-MAC-17,svc-build,1,slack.exe,"slack.exe",systemd,,,SHA256=0016997df6ef87bb0016997df6ef87bb0016997df6ef87bb0016997df6ef87bb
2026-02-14 06:31:20.117,FIN-WS22,morgan.sato,1,slack.exe,"slack.exe",cmd.exe,,,SHA256=0005b596f9c1e41b0005b596f9c1e41b0005b596f9c1e41b0005b596f9c1e41b
2026-02-14 06:40:15.008,BLD-RUN-02,svc-build,1,git,"git",explorer.exe,,,SHA256=001ffb1e7e524e68001ffb1e7e524e68001ffb1e7e524e68001ffb1e7e524e68
2026-02-14 06:42:57.460,FIN-WS17,morgan.sato,1,git,"git",explorer.exe,,,SHA256=000de68f0c584e85000de68f0c584e85000de68f0c584e85000de68f0c584e85
2026-02-14 06:50:22.761,FIN-WS22,svc-export,1,python3,"python3",explorer.exe,,,SHA256=00092a035ae9ab6700092a035ae9ab6700092a035ae9ab6700092a035ae9ab67
2026-02-14 06:57:58.190,FIN-WS17,jamie.patel,1,node,"node",systemd,,,SHA256=001a2276a3abffdd001a2276a3abffdd001a2276a3abffdd001a2276a3abffdd
2026-02-14 07:04:59.390,FIN-WS22,morgan.sato,1,chrome.exe,"chrome.exe",cmd.exe,,,SHA256=000b6d8778d6088e000b6d8778d6088e000b6d8778d6088e000b6d8778d6088e
2026-02-14 07:11:52.604,FIN-WS22,riley.kapoor,1,powershell.exe,"powershell.exe",explorer.exe,,,SHA256=00168441eb4a09d900168441eb4a09d900168441eb4a09d900168441eb4a09d9
2026-02-14 07:22:21.719,ENG-MAC-17,jamie.patel,1,sshd,"sshd",systemd,,,SHA256=0010ef1eab73c7cb0010ef1eab73c7cb0010ef1eab73c7cb0010ef1eab73c7cb
2026-02-14 07:29:22.121,FIN-WS17,svc-export,1,powershell.exe,"powershell.exe",cmd.exe,,,SHA256=00161850dd65bb7b00161850dd65bb7b00161850dd65bb7b00161850dd65bb7b
2026-02-14 07:32:43.720,FIN-WS17,alex.chen,1,sshd,"sshd",systemd,,,SHA256=00193c4ef23b485c00193c4ef23b485c00193c4ef23b485c00193c4ef23b485c
2026-02-14 07:41:20.882,FIN-WS17,svc-build,1,node,"node",systemd,,,SHA256=000a9b905c89016f000a9b905c89016f000a9b905c89016f000a9b905c89016f
2026-02-14 07:50:23.725,LINUX-JUMP-01,svc-export,1,sshd,"sshd",cmd.exe,,,SHA256=000785a7db776152000785a7db776152000785a7db776152000785a7db776152
2026-02-14 07:55:28.530,FIN-WS17,svc-build,1,git,"git",launchd,,,SHA256=000be61333b201a7000be61333b201a7000be61333b201a7000be61333b201a7
2026-02-14 08:05:28.751,BLD-RUN-02,jamie.patel,1,outlook.exe,"outlook.exe",explorer.exe,,,SHA256=00155a43dae42d4800155a43dae42d4800155a43dae42d4800155a43dae42d48
2026-02-14 08:14:04.938,BLD-RUN-02,svc-build,1,chrome.exe,"chrome.exe",launchd,,,SHA256=00123b73b516ee3700123b73b516ee3700123b73b516ee3700123b73b516ee37
2026-02-14 08:16:43.248,FIN-WS17,jamie.patel,1,node,"node",explorer.exe,,,SHA256=001fe8466ba2435e001fe8466ba2435e001fe8466ba2435e001fe8466ba2435e
2026-02-14 08:20:38.233,BLD-RUN-02,alex.chen,1,slack.exe,"slack.exe",launchd,,,SHA256=0000fe4d68474b6c0000fe4d68474b6c0000fe4d68474b6c0000fe4d68474b6c
2026-02-14 08:26:25.182,ENG-MAC-04,morgan.sato,1,chrome.exe,"chrome.exe",systemd,,,SHA256=0014f5fd19b7b97a0014f5fd19b7b97a0014f5fd19b7b97a0014f5fd19b7b97a
2026-02-14 08:36:48.121,LINUX-JUMP-01,svc-build,1,slack.exe,"slack.exe",launchd,,,SHA256=0012fc2c35cc25330012fc2c35cc25330012fc2c35cc25330012fc2c35cc2533
2026-02-14 08:43:38.033,FIN-WS22,morgan.sato,1,sshd,"sshd",launchd,,,SHA256=000e6d7461ed8bc0000e6d7461ed8bc0000e6d7461ed8bc0000e6d7461ed8bc0
2026-02-14 08:47:27.119,FIN-WS17,morgan.sato,1,git,"git",launchd,,,SHA256=001815addd4cefa8001815addd4cefa8001815addd4cefa8001815addd4cefa8
2026-02-14 08:50:22.857,FIN-WS22,svc-export,1,sshd,"sshd",cmd.exe,,,SHA256=00177b865052455100177b865052455100177b865052455100177b8650524551
2026-02-14 08:59:52.943,FIN-WS17,morgan.sato,1,python3,"python3",cmd.exe,,,SHA256=000331c5c80c0efb000331c5c80c0efb000331c5c80c0efb000331c5c80c0efb
2026-02-14 09:08:40.248,LINUX-JUMP-01,morgan.sato,1,slack.exe,"slack.exe",cmd.exe,,,SHA256=0009b9fcb0de06420009b9fcb0de06420009b9fcb0de06420009b9fcb0de0642
2026-02-14 09:13:45.925,LINUX-JUMP-01,jamie.patel,1,git,"git",systemd,,,SHA256=0002f5745d1f42890002f5745d1f42890002f5745d1f42890002f5745d1f4289
2026-02-14 09:17:47.608,BLD-RUN-02,svc-export,1,sshd,"sshd",systemd,,,SHA256=001d450fb16542df001d450fb16542df001d450fb16542df001d450fb16542df
2026-02-14 09:21:15.933,ENG-MAC-04,taylor.owens,1,outlook.exe,"outlook.exe",explorer.exe,,,SHA256=0012ee5cd5c46f390012ee5cd5c46f390012ee5cd5c46f390012ee5cd5c46f39
2026-02-14 09:32:22.788,FIN-WS22,riley.kapoor,1,sshd,"sshd",systemd,,,SHA256=0008f355b4e3d8200008f355b4e3d8200008f355b4e3d8200008f355b4e3d820
2026-02-14 09:36:03.931,FIN-WS17,jamie.patel,1,outlook.exe,"outlook.exe",launchd,,,SHA256=0017f7f4aa2b85160017f7f4aa2b85160017f7f4aa2b85160017f7f4aa2b8516
2026-02-14 09:47:20.773,ENG-MAC-17,riley.kapoor,1,sshd,"sshd",cmd.exe,,,SHA256=000257e4ba815169000257e4ba815169000257e4ba815169000257e4ba815169
2026-02-14 09:51:53.905,FIN-WS22,jamie.patel,1,git,"git",launchd,,,SHA256=001cb8597db37c2d001cb8597db37c2d001cb8597db37c2d001cb8597db37c2d
2026-02-14 10:02:55.733,BLD-RUN-02,jamie.patel,1,sshd,"sshd",explorer.exe,,,SHA256=0005bcc882ed7b880005bcc882ed7b880005bcc882ed7b880005bcc882ed7b88
2026-02-14 10:10:31.542,FIN-WS22,taylor.owens,1,chrome.exe,"chrome.exe",cmd.exe,,,SHA256=0004e5b22e06a4a70004e5b22e06a4a70004e5b22e06a4a70004e5b22e06a4a7
2026-02-14 10:17:36.346,LINUX-JUMP-01,jamie.patel,1,chrome.exe,"chrome.exe",systemd,,,SHA256=0015de4adf91a0eb0015de4adf91a0eb0015de4adf91a0eb0015de4adf91a0eb
2026-02-14 10:27:56.626,LINUX-JUMP-01,jamie.patel,1,sshd,"sshd",explorer.exe,,,SHA256=000847fe6100c628000847fe6100c628000847fe6100c628000847fe6100c628
2026-02-14 10:32:47.967,FIN-WS22,riley.kapoor,1,sshd,"sshd",cmd.exe,,,SHA256=000240df1a650b1f000240df1a650b1f000240df1a650b1f000240df1a650b1f
2026-02-14 10:43:56.797,FIN-WS22,alex.chen,1,slack.exe,"slack.exe",cmd.exe,,,SHA256=001e2d2c7ee2ca69001e2d2c7ee2ca69001e2d2c7ee2ca69001e2d2c7ee2ca69
2026-02-14 10:48:50.808,FIN-WS22,morgan.sato,1,slack.exe,"slack.exe",systemd,,,SHA256=0012682ebc37a5900012682ebc37a5900012682ebc37a5900012682ebc37a590
2026-02-14 10:53:00.895,ENG-MAC-04,jamie.patel,1,chrome.exe,"chrome.exe",launchd,,,SHA256=000314b78c20ef13000314b78c20ef13000314b78c20ef13000314b78c20ef13
2026-02-14 11:01:48.948,FIN-WS17,taylor.owens,1,python3,"python3",launchd,,,SHA256=001a54fe5a19dd7e001a54fe5a19dd7e001a54fe5a19dd7e001a54fe5a19dd7e
2026-02-14 11:09:50.766,ENG-MAC-17,morgan.sato,1,git,"git",cmd.exe,,,SHA256=00046d6024bdbadd00046d6024bdbadd00046d6024bdbadd00046d6024bdbadd
2026-02-14 11:18:20.592,LINUX-JUMP-01,alex.chen,1,git,"git",explorer.exe,,,SHA256=0012a73f24a11b3c0012a73f24a11b3c0012a73f24a11b3c0012a73f24a11b3c
2026-02-14 11:21:41.023,FIN-WS17,svc-build,1,chrome.exe,"chrome.exe",launchd,,,SHA256=0000965fbc0031e70000965fbc0031e70000965fbc0031e70000965fbc0031e7
2026-02-14 11:27:45.638,ENG-MAC-04,taylor.owens,1,slack.exe,"slack.exe",launchd,,,SHA256=00119b61f91270ae00119b61f91270ae00119b61f91270ae00119b61f91270ae
2026-02-14 11:34:56.868,ENG-MAC-17,jamie.patel,1,chrome.exe,"chrome.exe",explorer.exe,,,SHA256=0009e1eaa4af05580009e1eaa4af05580009e1eaa4af05580009e1eaa4af0558
2026-02-14 11:40:22.226,FIN-WS17,svc-build,1,slack.exe,"slack.exe",cmd.exe,,,SHA256=000a78c92bff5903000a78c92bff5903000a78c92bff5903000a78c92bff5903
2026-02-14 11:51:30.730,FIN-WS22,taylor.owens,1,node,"node",explorer.exe,,,SHA256=000906e6ccbeba35000906e6ccbeba35000906e6ccbeba35000906e6ccbeba35
2026-02-14 12:00:49.587,FIN-WS22,morgan.sato,1,node,"node",launchd,,,SHA256=0008f6d7c052a5b20008f6d7c052a5b20008f6d7c052a5b20008f6d7c052a5b2
2026-02-14 12:07:19.084,FIN-WS17,jamie.patel,1,outlook.exe,"outlook.exe",cmd.exe,,,SHA256=0011a8d53bb003830011a8d53bb003830011a8d53bb003830011a8d53bb00383
2026-02-14 12:11:10.110,LINUX-JUMP-01,riley.kapoor,1,python3,"python3",cmd.exe,,,SHA256=0020336e8c70f4b20020336e8c70f4b20020336e8c70f4b20020336e8c70f4b2
2026-02-14 12:18:51.433,BLD-RUN-02,alex.chen,1,python3,"python3",explorer.exe,,,SHA256=0016e5d36435cb9e0016e5d36435cb9e0016e5d36435cb9e0016e5d36435cb9e
2026-02-14 12:23:09.178,BLD-RUN-02,morgan.sato,1,slack.exe,"slack.exe",explorer.exe,,,SHA256=0022e11309864bfc0022e11309864bfc0022e11309864bfc0022e11309864bfc
2026-02-14 12:28:24.086,ENG-MAC-17,jamie.patel,1,node,"node",explorer.exe,,,SHA256=0012b26f617ba8da0012b26f617ba8da0012b26f617ba8da0012b26f617ba8da
2026-02-14 12:33:06.971,ENG-MAC-04,svc-build,1,python3,"python3",systemd,,,SHA256=00185e66c390b64300185e66c390b64300185e66c390b64300185e66c390b643
2026-02-14 12:39:41.955,BLD-RUN-02,svc-export,1,node,"node",explorer.exe,,,SHA256=001159699749b959001159699749b959001159699749b959001159699749b959
2026-02-14 12:48:42.019,LINUX-JUMP-01,riley.kapoor,1,git,"git",systemd,,,SHA256=000f543990d6fcf4000f543990d6fcf4000f543990d6fcf4000f543990d6fcf4
2026-02-14 12:59:12.262,FIN-WS17,taylor.owens,1,powershell.exe,"powershell.exe",systemd,,,SHA256=0005ec121776222e0005ec121776222e0005ec121776222e0005ec121776222e
2026-02-14 13:07:21.954,FIN-WS22,taylor.owens,1,python3,"python3",explorer.exe,,,SHA256=000c4171dfb9db6b000c4171dfb9db6b000c4171dfb9db6b000c4171dfb9db6b
2026-02-14 13:13:44.625,ENG-MAC-17,riley.kapoor,1,slack.exe,"slack.exe",launchd,,,SHA256=0006f468f9c9adb20006f468f9c9adb20006f468f9c9adb20006f468f9c9adb2
2026-02-14 13:18:42.498,ENG-MAC-04,jamie.patel,1,slack.exe,"slack.exe",cmd.exe,,,SHA256=0006141467384776000614146738477600061414673847760006141467384776
2026-02-14 13:28:52.655,ENG-MAC-17,morgan.sato,1,slack.exe,"slack.exe",systemd,,,SHA256=0014cf7aa22245250014cf7aa22245250014cf7aa22245250014cf7aa2224525
2026-02-14 13:38:11.384,FIN-WS17,svc-build,1,outlook.exe,"outlook.exe",cmd.exe,,,SHA256=000f57639230ab0e000f57639230ab0e000f57639230ab0e000f57639230ab0e
2026-02-14 13:46:02.801,LINUX-JUMP-01,svc-build,1,git,"git",systemd,,,SHA256=001ac49859d94187001ac49859d94187001ac49859d94187001ac49859d94187
2026-02-14 13:56:59.497,ENG-MAC-04,svc-build,1,python3,"python3",cmd.exe,,,SHA256=0021be0f6a942b520021be0f6a942b520021be0f6a942b520021be0f6a942b52
2026-02-14 13:59:56.807,LINUX-JUMP-01,svc-build,1,node,"node",systemd,,,SHA256=000fa61b9eddcfb6000fa61b9eddcfb6000fa61b9eddcfb6000fa61b9eddcfb6
2026-02-14 14:10:17.180,ENG-MAC-17,riley.kapoor,1,slack.exe,"slack.exe",cmd.exe,,,SHA256=000361cc73f858c7000361cc73f858c7000361cc73f858c7000361cc73f858c7
2026-02-14 14:17:24.786,BLD-RUN-02,riley.kapoor,1,powershell.exe,"powershell.exe",explorer.exe,,,SHA256=0000232cb722e3cb0000232cb722e3cb0000232cb722e3cb0000232cb722e3cb
2026-02-14 14:28:19.254,ENG-MAC-04,svc-export,1,python3,"python3",systemd,,,SHA256=000d01496065e4cd000d01496065e4cd000d01496065e4cd000d01496065e4cd
2026-02-14 14:32:26.507,FIN-WS17,taylor.owens,1,slack.exe,"slack.exe",systemd,,,SHA256=001ce1a6927277b1001ce1a6927277b1001ce1a6927277b1001ce1a6927277b1
2026-02-14 14:36:17.922,ENG-MAC-04,taylor.owens,1,python3,"python3",explorer.exe,,,SHA256=0005b298cc9938630005b298cc9938630005b298cc9938630005b298cc993863
2026-02-14 14:45:49.158,FIN-WS22,svc-build,1,outlook.exe,"outlook.exe",systemd,,,SHA256=001a2f4002221105001a2f4002221105001a2f4002221105001a2f4002221105
2026-02-14 14:52:08.386,FIN-WS17,svc-build,1,slack.exe,"slack.exe",launchd,,,SHA256=001e364830cb081d001e364830cb081d001e364830cb081d001e364830cb081d
2026-02-14 15:01:10.444,ENG-MAC-04,svc-export,1,sshd,"sshd",explorer.exe,,,SHA256=00220cc214e9ca3400220cc214e9ca3400220cc214e9ca3400220cc214e9ca34
2026-02-14 15:09:47.576,ENG-MAC-17,jamie.patel,1,chrome.exe,"chrome.exe",launchd,,,SHA256=0012662c7d4d41640012662c7d4d41640012662c7d4d41640012662c7d4d4164
2026-02-14 15:20:06.502,BLD-RUN-02,svc-build,1,git,"git",explorer.exe,,,SHA256=001521ee8ae75ad0001521ee8ae75ad0001521ee8ae75ad0001521ee8ae75ad0
2026-02-14 15:23:52.071,BLD-RUN-02,jamie.patel,1,powershell.exe,"powershell.exe",explorer.exe,,,SHA256=00221abf78afecf000221abf78afecf000221abf78afecf000221abf78afecf0
2026-02-14 15:28:24.773,LINUX-JUMP-01,svc-export,1,chrome.exe,"chrome.exe",cmd.exe,,,SHA256=001ec31396b3db34001ec31396b3db34001ec31396b3db34001ec31396b3db34
2026-02-14 15:32:56.878,ENG-MAC-17,alex.chen,1,chrome.exe,"chrome.exe",cmd.exe,,,SHA256=001d4c81fe5be281001d4c81fe5be281001d4c81fe5be281001d4c81fe5be281
2026-02-14 15:38:12.548,BLD-RUN-02,jamie.patel,1,powershell.exe,"powershell.exe",cmd.exe,,,SHA256=001bfd25463b3f5b001bfd25463b3f5b001bfd25463b3f5b001bfd25463b3f5b
2026-02-14 15:48:02.378,ENG-MAC-17,alex.chen,1,sshd,"sshd",launchd,,,SHA256=002308c4fb7669e4002308c4fb7669e4002308c4fb7669e4002308c4fb7669e4
2026-02-14 15:58:12.578,BLD-RUN-02,jamie.patel,1,git,"git",launchd,,,SHA256=00166b246196c4fb00166b246196c4fb00166b246196c4fb00166b246196c4fb
2026-02-14 16:08:12.369,FIN-WS22,svc-export,1,python3,"python3",systemd,,,SHA256=00126582afa1252300126582afa1252300126582afa1252300126582afa12523
2026-02-14 16:12:07.719,FIN-WS22,morgan.sato,1,sshd,"sshd",launchd,,,SHA256=00162fe0813ed0e800162fe0813ed0e800162fe0813ed0e800162fe0813ed0e8
2026-02-14 16:18:31.761,ENG-MAC-17,morgan.sato,1,chrome.exe,"chrome.exe",cmd.exe,,,SHA256=001f109d5980e00c001f109d5980e00c001f109d5980e00c001f109d5980e00c
2026-02-14 16:23:37.249,BLD-RUN-02,svc-export,1,outlook.exe,"outlook.exe",explorer.exe,,,SHA256=0016cdeb946af7a60016cdeb946af7a60016cdeb946af7a60016cdeb946af7a6
2026-02-14 16:28:08.094,LINUX-JUMP-01,taylor.owens,1,python3,"python3",systemd,,,SHA256=0004fe7d5bc220e70004fe7d5bc220e70004fe7d5bc220e70004fe7d5bc220e7
2026-02-14 16:37:58.082,ENG-MAC-17,svc-export,1,git,"git",systemd,,,SHA256=001e4fa30de12d4f001e4fa30de12d4f001e4fa30de12d4f001e4fa30de12d4f
2026-02-14 16:43:06.705,FIN-WS22,svc-export,1,node,"node",explorer.exe,,,SHA256=00103a99692b967200103a99692b967200103a99692b967200103a99692b9672
2026-02-14 16:54:04.761,LINUX-JUMP-01,alex.chen,1,node,"node",systemd,,,SHA256=00147e183a2258a600147e183a2258a600147e183a2258a600147e183a2258a6
2026-02-14 16:56:44.947,BLD-RUN-02,riley.kapoor,1,chrome.exe,"chrome.exe",cmd.exe,,,SHA256=0022dbe39ecbbf200022dbe39ecbbf200022dbe39ecbbf200022dbe39ecbbf20
2026-02-14 17:00:12.709,LINUX-JUMP-01,riley.kapoor,1,node,"node",cmd.exe,,,SHA256=001cfef15bdac57a001cfef15bdac57a001cfef15bdac57a001cfef15bdac57a
2026-02-14 17:10:36.535,FIN-WS17,taylor.owens,1,git,"git",cmd.exe,,,SHA256=00236a11c273659200236a11c273659200236a11c273659200236a11c2736592
2026-02-14 17:17:09.864,LINUX-JUMP-01,taylor.owens,1,powershell.exe,"powershell.exe",systemd,,,SHA256=0007a3f2cb5d323e0007a3f2cb5d323e0007a3f2cb5d323e0007a3f2cb5d323e
2026-02-14 17:26:32.685,BLD-RUN-02,svc-export,1,sshd,"sshd",launchd,,,SHA256=0000da76e0f8ce540000da76e0f8ce540000da76e0f8ce540000da76e0f8ce54
2026-02-14 17:35:32.439,LINUX-JUMP-01,alex.chen,1,outlook.exe,"outlook.exe",systemd,,,SHA256=000ecd3b4b7974e8000ecd3b4b7974e8000ecd3b4b7974e8000ecd3b4b7974e8
2026-02-14 17:42:52.368,ENG-MAC-17,jamie.patel,1,outlook.exe,"outlook.exe",systemd,,,SHA256=0001a9ecff41b2da0001a9ecff41b2da0001a9ecff41b2da0001a9ecff41b2da
2026-02-14 17:50:01.170,ENG-MAC-17,morgan.sato,1,slack.exe,"slack.exe",cmd.exe,,,SHA256=00021ff13b0af30900021ff13b0af30900021ff13b0af30900021ff13b0af309
2026-02-14 17:59:29.584,LINUX-JUMP-01,riley.kapoor,1,powershell.exe,"powershell.exe",launchd,,,SHA256=000792d5a0b365bc000792d5a0b365bc000792d5a0b365bc000792d5a0b365bc
2026-02-14 18:10:25.050,ENG-MAC-17,alex.chen,1,git,"git",explorer.exe,,,SHA256=001fe6861bb7692d001fe6861bb7692d001fe6861bb7692d001fe6861bb7692d
2026-02-14 18:21:51.236,ENG-MAC-04,svc-build,1,powershell.exe,"powershell.exe",explorer.exe,,,SHA256=0015f493db32bc300015f493db32bc300015f493db32bc300015f493db32bc30
2026-02-14 18:24:40.158,FIN-WS17,taylor.owens,1,git,"git",cmd.exe,,,SHA256=001b7d0b1e55bd73001b7d0b1e55bd73001b7d0b1e55bd73001b7d0b1e55bd73
2026-02-14 18:34:14.763,BLD-RUN-02,alex.chen,1,slack.exe,"slack.exe",launchd,,,SHA256=0001055154ad98c70001055154ad98c70001055154ad98c70001055154ad98c7
2026-02-14 18:42:41.836,ENG-MAC-04,alex.chen,1,outlook.exe,"outlook.exe",explorer.exe,,,SHA256=000f770cb498d96e000f770cb498d96e000f770cb498d96e000f770cb498d96e
2026-02-14 18:51:00.353,ENG-MAC-17,svc-build,1,outlook.exe,"outlook.exe",systemd,,,SHA256=00178b205b34336b00178b205b34336b00178b205b34336b00178b205b34336b
2026-02-14 18:58:29.072,FIN-WS17,svc-export,1,git,"git",launchd,,,SHA256=000f2bdb8017c73d000f2bdb8017c73d000f2bdb8017c73d000f2bdb8017c73d
2026-02-14 19:04:48.154,FIN-WS22,taylor.owens,1,powershell.exe,"powershell.exe",explorer.exe,,,SHA256=000d56097cb77a96000d56097cb77a96000d56097cb77a96000d56097cb77a96
2026-02-14 19:14:30.587,FIN-WS22,taylor.owens,1,outlook.exe,"outlook.exe",cmd.exe,,,SHA256=001331fd49e08de7001331fd49e08de7001331fd49e08de7001331fd49e08de7
2026-02-14 19:23:16.546,LINUX-JUMP-01,svc-export,1,node,"node",cmd.exe,,,SHA256=001ee3c493a229d6001ee3c493a229d6001ee3c493a229d6001ee3c493a229d6
2026-02-14 19:26:02.739,FIN-WS22,taylor.owens,1,python3,"python3",systemd,,,SHA256=0013d2fb2d2588fb0013d2fb2d2588fb0013d2fb2d2588fb0013d2fb2d2588fb
2026-02-14 19:32:53.142,FIN-WS22,svc-export,1,slack.exe,"slack.exe",launchd,,,SHA256=001bd6c7a8367180001bd6c7a8367180001bd6c7a8367180001bd6c7a8367180
2026-02-14 19:43:39.986,FIN-WS17,morgan.sato,1,git,"git",launchd,,,SHA256=0009db8c4bc437670009db8c4bc437670009db8c4bc437670009db8c4bc43767
2026-02-14 19:46:55.841,ENG-MAC-17,riley.kapoor,1,node,"node",launchd,,,SHA256=001b5efff4444bb2001b5efff4444bb2001b5efff4444bb2001b5efff4444bb2
2026-02-14 19:57:39.284,FIN-WS17,jamie.patel,1,sshd,"sshd",cmd.exe,,,SHA256=0001a2b04e97bd970001a2b04e97bd970001a2b04e97bd970001a2b04e97bd97
2026-02-14 20:00:16.846,FIN-WS17,svc-build,1,git,"git",cmd.exe,,,SHA256=0020cdc36e4dda8c0020cdc36e4dda8c0020cdc36e4dda8c0020cdc36e4dda8c
2026-02-14 20:04:50.398,FIN-WS17,alex.chen,1,outlook.exe,"outlook.exe",cmd.exe,,,SHA256=000a6f32403696d1000a6f32403696d1000a6f32403696d1000a6f32403696d1
2026-02-14 20:09:28.205,FIN-WS17,morgan.sato,1,outlook.exe,"outlook.exe",launchd,,,SHA256=0005b9bc85fc6bb10005b9bc85fc6bb10005b9bc85fc6bb10005b9bc85fc6bb1
2026-02-14 20:16:44.756,BLD-RUN-02,svc-build,1,powershell.exe,"powershell.exe",explorer.exe,,,SHA256=001c52adcc2d31ce001c52adcc2d31ce001c52adcc2d31ce001c52adcc2d31ce
2026-02-14 20:21:23.067,ENG-MAC-17,jamie.patel,1,node,"node",systemd,,,SHA256=000f48ad4971fcfc000f48ad4971fcfc000f48ad4971fcfc000f48ad4971fcfc
2026-02-14 20:31:46.077,LINUX-JUMP-01,svc-build,1,sshd,"sshd",systemd,,,SHA256=001772ed88b7749b001772ed88b7749b001772ed88b7749b001772ed88b7749b
2026-02-14 20:39:52.439,ENG-MAC-17,alex.chen,1,chrome.exe,"chrome.exe",cmd.exe,,,SHA256=001d9997eb615e7e001d9997eb615e7e001d9997eb615e7e001d9997eb615e7e
2026-02-14 20:49:26.654,BLD-RUN-02,morgan.sato,1,slack.exe,"slack.exe",cmd.exe,,,SHA256=00089c358ceb63b000089c358ceb63b000089c358ceb63b000089c358ceb63b0
2026-02-14 20:54:12.888,LINUX-JUMP-01,svc-export,1,chrome.exe,"chrome.exe",systemd,,,SHA256=000190d7a5a84dbe000190d7a5a84dbe000190d7a5a84dbe000190d7a5a84dbe
2026-02-14 21:01:43.769,BLD-RUN-02,taylor.owens,1,powershell.exe,"powershell.exe",systemd,,,SHA256=0012af1b92b168510012af1b92b168510012af1b92b168510012af1b92b16851
2026-02-14 21:05:26.236,ENG-MAC-04,jamie.patel,1,chrome.exe,"chrome.exe",launchd,,,SHA256=0015fbc4a63e26330015fbc4a63e26330015fbc4a63e26330015fbc4a63e2633
2026-02-14 21:09:31.369,LINUX-JUMP-01,morgan.sato,1,chrome.exe,"chrome.exe",systemd,,,SHA256=00170106ae9bf22300170106ae9bf22300170106ae9bf22300170106ae9bf223
2026-02-14 21:17:07.930,FIN-WS22,svc-export,1,chrome.exe,"chrome.exe",explorer.exe,,,SHA256=000224b4627102fb000224b4627102fb000224b4627102fb000224b4627102fb
2026-02-14 21:23:32.734,FIN-WS17,morgan.sato,1,powershell.exe,"powershell.exe",explorer.exe,,,SHA256=0014d1dbe22670110014d1dbe22670110014d1dbe22670110014d1dbe2267011
2026-02-14 21:28:26.389,BLD-RUN-02,svc-build,1,slack.exe,"slack.exe",systemd,,,SHA256=001a9866ccca6de0001a9866ccca6de0001a9866ccca6de0001a9866ccca6de0
2026-02-14 21:32:00.522,FIN-WS17,jamie.patel,1,slack.exe,"slack.exe",systemd,,,SHA256=00086bf26cc3dc5f00086bf26cc3dc5f00086bf26cc3dc5f00086bf26cc3dc5f
2026-02-14 21:38:31.265,BLD-RUN-02,jamie.patel,1,sshd,"sshd",launchd,,,SHA256=00035270875df78b00035270875df78b00035270875df78b00035270875df78b
2026-02-14 21:44:21.160,ENG-MAC-04,alex.chen,1,python3,"python3",explorer.exe,,,SHA256=000cc66978a3580d000cc66978a3580d000cc66978a3580d000cc66978a3580d
2026-02-14 21:47:54.159,BLD-RUN-02,riley.kapoor,1,outlook.exe,"outlook.exe",cmd.exe,,,SHA256=001285ccd5025509001285ccd5025509001285ccd5025509001285ccd5025509
2026-02-14 21:55:41.217,LINUX-JUMP-01,riley.kapoor,1,powershell.exe,"powershell.exe",systemd,,,SHA256=0004974a8eb691700004974a8eb691700004974a8eb691700004974a8eb69170
2026-02-14 21:58:40.987,BLD-RUN-02,svc-build,1,node,"node",launchd,,,SHA256=000573ae2b56de7c000573ae2b56de7c000573ae2b56de7c000573ae2b56de7c
2026-02-14 22:05:23.993,BLD-RUN-02,svc-export,1,sshd,"sshd",explorer.exe,,,SHA256=000a05e2f603f20e000a05e2f603f20e000a05e2f603f20e000a05e2f603f20e
2026-02-14 22:09:40.793,FIN-WS22,svc-build,1,chrome.exe,"chrome.exe",explorer.exe,,,SHA256=000a2d67a0f28b25000a2d67a0f28b25000a2d67a0f28b25000a2d67a0f28b25
2026-02-14 22:12:45.192,FIN-WS22,svc-export,1,powershell.exe,"powershell.exe",systemd,,,SHA256=0002fd979369cfb90002fd979369cfb90002fd979369cfb90002fd979369cfb9
2026-02-14 22:19:11.436,ENG-MAC-17,riley.kapoor,1,powershell.exe,"powershell.exe",launchd,,,SHA256=000135853f47c691000135853f47c691000135853f47c691000135853f47c691
2026-02-14 22:30:07.172,ENG-MAC-17,jamie.patel,1,sshd,"sshd",systemd,,,SHA256=0015a9edf5001cee0015a9edf5001cee0015a9edf5001cee0015a9edf5001cee
2026-02-14 22:33:08.210,LINUX-JUMP-01,alex.chen,1,outlook.exe,"outlook.exe",cmd.exe,,,SHA256=001a3f248eecbb21001a3f248eecbb21001a3f248eecbb21001a3f248eecbb21
2026-02-14 22:42:51.886,BLD-RUN-02,alex.chen,1,git,"git",cmd.exe,,,SHA256=00024ab006db546d00024ab006db546d00024ab006db546d00024ab006db546d
2026-02-14 22:47:57.080,ENG-MAC-17,svc-export,1,chrome.exe,"chrome.exe",explorer.exe,,,SHA256=000081a28b7cedbf000081a28b7cedbf000081a28b7cedbf000081a28b7cedbf
2026-02-14 22:52:43.266,LINUX-JUMP-01,taylor.owens,1,slack.exe,"slack.exe",cmd.exe,,,SHA256=0004d60cf2c49c1b0004d60cf2c49c1b0004d60cf2c49c1b0004d60cf2c49c1b
2026-02-14 23:01:39.830,FIN-WS22,jamie.patel,1,powershell.exe,"powershell.exe",explorer.exe,,,SHA256=0012b10e6d2646dd0012b10e6d2646dd0012b10e6d2646dd0012b10e6d2646dd
2026-02-14 23:07:50.403,FIN-WS22,morgan.sato,1,sshd,"sshd",explorer.exe,,,SHA256=00159c8ff2c15b1700159c8ff2c15b1700159c8ff2c15b1700159c8ff2c15b17
2026-02-14 23:15:14.057,FIN-WS17,svc-build,1,slack.exe,"slack.exe",systemd,,,SHA256=001efaa00029e4b0001efaa00029e4b0001efaa00029e4b0001efaa00029e4b0
2026-02-14 23:23:33.524,LINUX-JUMP-01,alex.chen,1,sshd,"sshd",systemd,,,SHA256=0019a156601dbf1a0019a156601dbf1a0019a156601dbf1a0019a156601dbf1a
2026-02-14 23:34:16.568,FIN-WS17,taylor.owens,1,slack.exe,"slack.exe",explorer.exe,,,SHA256=000602c8cec952ac000602c8cec952ac000602c8cec952ac000602c8cec952ac
2026-02-14 23:43:15.385,BLD-RUN-02,taylor.owens,1,python3,"python3",cmd.exe,,,SHA256=0000860b8b03ed110000860b8b03ed110000860b8b03ed110000860b8b03ed11
2026-02-14 23:52:54.359,FIN-WS22,svc-export,1,node,"node",explorer.exe,,,SHA256=000776bf09d90242000776bf09d90242000776bf09d90242000776bf09d90242
2026-02-15 00:03:31.317,BLD-RUN-02,alex.chen,1,sshd,"sshd",explorer.exe,,,SHA256=00168a737062d8ff00168a737062d8ff00168a737062d8ff00168a737062d8ff
2026-02-15 00:07:32.977,BLD-RUN-02,alex.chen,1,chrome.exe,"chrome.exe",launchd,,,SHA256=000a7188856c20d7000a7188856c20d7000a7188856c20d7000a7188856c20d7
2026-02-15 00:10:11.793,ENG-MAC-17,taylor.owens,1,node,"node",systemd,,,SHA256=000c26ba530b010f000c26ba530b010f000c26ba530b010f000c26ba530b010f
2026-02-15 00:17:07.694,ENG-MAC-17,svc-export,1,powershell.exe,"powershell.exe",systemd,,,SHA256=0003613976122706000361397612270600036139761227060003613976122706
2026-02-15 00:23:42.009,FIN-WS22,svc-build,1,python3,"python3",cmd.exe,,,SHA256=00191ca1203a87f700191ca1203a87f700191ca1203a87f700191ca1203a87f7
2026-02-15 00:32:08.558,ENG-MAC-17,taylor.owens,1,outlook.exe,"outlook.exe",launchd,,,SHA256=00064637dd74bd1900064637dd74bd1900064637dd74bd1900064637dd74bd19
2026-02-15 00:39:23.598,FIN-WS22,jamie.patel,1,outlook.exe,"outlook.exe",cmd.exe,,,SHA256=0007bf45214b6a930007bf45214b6a930007bf45214b6a930007bf45214b6a93
2026-02-15 00:50:45.987,LINUX-JUMP-01,taylor.owens,1,python3,"python3",launchd,,,SHA256=00004d898e9ed0c300004d898e9ed0c300004d898e9ed0c300004d898e9ed0c3
2026-02-15 01:00:34.215,ENG-MAC-04,alex.chen,1,sshd,"sshd",systemd,,,SHA256=000aa5eb69e0ccc0000aa5eb69e0ccc0000aa5eb69e0ccc0000aa5eb69e0ccc0
2026-02-15 01:11:09.218,ENG-MAC-04,morgan.sato,1,git,"git",cmd.exe,,,SHA256=001559905c6cf822001559905c6cf822001559905c6cf822001559905c6cf822
2026-02-15 01:16:01.367,LINUX-JUMP-01,jamie.patel,1,python3,"python3",cmd.exe,,,SHA256=001076b65aac9978001076b65aac9978001076b65aac9978001076b65aac9978
2026-02-15 01:21:45.544,ENG-MAC-04,svc-build,1,git,"git",launchd,,,SHA256=0003ea5655447df30003ea5655447df30003ea5655447df30003ea5655447df3
2026-02-15 01:26:57.472,FIN-WS17,svc-export,1,python3,"python3",explorer.exe,,,SHA256=0002f4bc12bff22d0002f4bc12bff22d0002f4bc12bff22d0002f4bc12bff22d
2026-02-15 01:31:33.883,FIN-WS17,jamie.patel,1,node,"node",cmd.exe,,,SHA256=000101bf33fbb316000101bf33fbb316000101bf33fbb316000101bf33fbb316
2026-02-15 01:35:23.768,ENG-MAC-17,taylor.owens,1,powershell.exe,"powershell.exe",cmd.exe,,,SHA256=0012b7f6cb31296a0012b7f6cb31296a0012b7f6cb31296a0012b7f6cb31296a
2026-02-15 01:38:41.872,BLD-RUN-02,alex.chen,1,outlook.exe,"outlook.exe",systemd,,,SHA256=001cf2c1c3676144001cf2c1c3676144001cf2c1c3676144001cf2c1c3676144
2026-02-15 01:42:01.319,FIN-WS17,svc-export,1,git,"git",systemd,,,SHA256=00165052451144a600165052451144a600165052451144a600165052451144a6
2026-02-15 01:46:01.276,FIN-WS22,svc-build,1,git,"git",explorer.exe,,,SHA256=0002d8bb65937b0c0002d8bb65937b0c0002d8bb65937b0c0002d8bb65937b0c
2026-02-15 01:52:47.973,BLD-RUN-02,svc-build,1,python3,"python3",cmd.exe,,,SHA256=001a0faba8314169001a0faba8314169001a0faba8314169001a0faba8314169
2026-02-15 01:59:52.156,ENG-MAC-17,jamie.patel,1,node,"node",systemd,,,SHA256=00182bfded17651600182bfded17651600182bfded17651600182bfded176516
2026-02-15 02:07:30.778,BLD-RUN-02,riley.kapoor,1,outlook.exe,"outlook.exe",launchd,,,SHA256=001cc7ecb48999a4001cc7ecb48999a4001cc7ecb48999a4001cc7ecb48999a4
2026-02-15 02:14:11.840,ENG-MAC-04,svc-build,1,python3,"python3",cmd.exe,,,SHA256=000bd05cdbc27492000bd05cdbc27492000bd05cdbc27492000bd05cdbc27492
2026-02-15 02:22:43.965,FIN-WS17,svc-build,1,chrome.exe,"chrome.exe",explorer.exe,,,SHA256=000c44fd5e9cc34b000c44fd5e9cc34b000c44fd5e9cc34b000c44fd5e9cc34b
2026-02-15 02:26:00.385,FIN-WS22,svc-build,1,powershell.exe,"powershell.exe",cmd.exe,,,SHA256=0015a6bc858f7f000015a6bc858f7f000015a6bc858f7f000015a6bc858f7f00
2026-02-15 02:28:33.242,ENG-MAC-04,jamie.patel,1,powershell.exe,"powershell.exe",launchd,,,SHA256=0000f4700d15a7360000f4700d15a7360000f4700d15a7360000f4700d15a736
2026-02-15 02:31:59.825,BLD-RUN-02,riley.kapoor,1,node,"node",systemd,,,SHA256=000f114054b59726000f114054b59726000f114054b59726000f114054b59726
2026-02-15 02:37:47.763,BLD-RUN-02,riley.kapoor,1,powershell.exe,"powershell.exe",systemd,,,SHA256=000f6bcd1b0e4b39000f6bcd1b0e4b39000f6bcd1b0e4b39000f6bcd1b0e4b39
2026-02-15 02:45:00.146,ENG-MAC-17,svc-build,1,outlook.exe,"outlook.exe",launchd,,,SHA256=000ce336a899534d000ce336a899534d000ce336a899534d000ce336a899534d
2026-02-15 02:52:11.774,ENG-MAC-04,alex.chen,1,powershell.exe,"powershell.exe",launchd,,,SHA256=000810bfeca22b81000810bfeca22b81000810bfeca22b81000810bfeca22b81
2026-02-15 02:54:50.531,ENG-MAC-17,svc-build,1,sshd,"sshd",systemd,,,SHA256=0010e5f2302638bd0010e5f2302638bd0010e5f2302638bd0010e5f2302638bd
2026-02-15 03:04:28.541,ENG-MAC-04,taylor.owens,1,chrome.exe,"chrome.exe",launchd,,,SHA256=001423ee3e63ff30001423ee3e63ff30001423ee3e63ff30001423ee3e63ff30
2026-02-15 03:12:50.067,ENG-MAC-04,alex.chen,1,sshd,"sshd",launchd,,,SHA256=000db21c95a22879000db21c95a22879000db21c95a22879000db21c95a22879
2026-02-15 03:18:59.810,ENG-MAC-04,riley.kapoor,1,powershell.exe,"powershell.exe",systemd,,,SHA256=001ab82959a8e43a001ab82959a8e43a001ab82959a8e43a001ab82959a8e43a
2026-02-15 03:27:17.705,ENG-MAC-04,svc-export,1,git,"git",explorer.exe,,,SHA256=001d39529072e93e001d39529072e93e001d39529072e93e001d39529072e93e
2026-02-15 03:34:04.663,ENG-MAC-04,morgan.sato,1,outlook.exe,"outlook.exe",cmd.exe,,,SHA256=000ad1ce8c292e80000ad1ce8c292e80000ad1ce8c292e80000ad1ce8c292e80
2026-02-15 03:37:56.917,ENG-MAC-17,svc-build,1,chrome.exe,"chrome.exe",launchd,,,SHA256=00219ad9de792ab800219ad9de792ab800219ad9de792ab800219ad9de792ab8
2026-02-15 03:46:52.265,FIN-WS22,riley.kapoor,1,outlook.exe,"outlook.exe",systemd,,,SHA256=0023331342d1562c0023331342d1562c0023331342d1562c0023331342d1562c
2026-02-15 03:52:16.092,FIN-WS22,svc-build,1,node,"node",launchd,,,SHA256=000221405f229e04000221405f229e04000221405f229e04000221405f229e04
2026-02-15 03:57:03.615,FIN-WS17,alex.chen,1,outlook.exe,"outlook.exe",launchd,,,SHA256=00122dd0e40bc14f00122dd0e40bc14f00122dd0e40bc14f00122dd0e40bc14f
2026-02-15 04:00:21.362,ENG-MAC-17,riley.kapoor,1,git,"git",systemd,,,SHA256=0014d512e938ff6e0014d512e938ff6e0014d512e938ff6e0014d512e938ff6e
2026-02-15 04:04:28.047,LINUX-JUMP-01,taylor.owens,1,slack.exe,"slack.exe",explorer.exe,,,SHA256=001e0c7caa1b64b7001e0c7caa1b64b7001e0c7caa1b64b7001e0c7caa1b64b7
2026-02-15 04:11:04.149,FIN-WS22,svc-build,1,python3,"python3",launchd,,,SHA256=000e3411229b2d62000e3411229b2d62000e3411229b2d62000e3411229b2d62
2026-02-15 04:19:00.849,ENG-MAC-17,taylor.owens,1,powershell.exe,"powershell.exe",explorer.exe,,,SHA256=00110e90c759781400110e90c759781400110e90c759781400110e90c7597814
2026-02-15 04:23:41.381,BLD-RUN-02,taylor.owens,1,chrome.exe,"chrome.exe",explorer.exe,,,SHA256=001f85fcd3a3a8b5001f85fcd3a3a8b5001f85fcd3a3a8b5001f85fcd3a3a8b5
2026-02-15 04:30:18.982,FIN-WS22,svc-export,1,node,"node",explorer.exe,,,SHA256=0000773aeb54b94c0000773aeb54b94c0000773aeb54b94c0000773aeb54b94c
2026-02-15 04:37:31.909,LINUX-JUMP-01,svc-export,1,node,"node",cmd.exe,,,SHA256=000c1de4e9f71a19000c1de4e9f71a19000c1de4e9f71a19000c1de4e9f71a19
2026-02-15 04:42:32.534,FIN-WS17,riley.kapoor,1,powershell.exe,"powershell.exe",cmd.exe,,,SHA256=001eb387080efb1e001eb387080efb1e001eb387080efb1e001eb387080efb1e
2026-02-15 04:47:28.330,FIN-WS17,svc-build,1,slack.exe,"slack.exe",explorer.exe,,,SHA256=00134b764c1fb8dc00134b764c1fb8dc00134b764c1fb8dc00134b764c1fb8dc
2026-02-15 04:56:00.135,LINUX-JUMP-01,morgan.sato,1,outlook.exe,"outlook.exe",launchd,,,SHA256=00029ec1dcdcfaf400029ec1dcdcfaf400029ec1dcdcfaf400029ec1dcdcfaf4
2026-02-15 05:06:29.000,LINUX-JUMP-01,alex.chen,1,slack.exe,"slack.exe",cmd.exe,,,SHA256=00172a75a894aee200172a75a894aee200172a75a894aee200172a75a894aee2
2026-02-15 05:11:17.208,LINUX-JUMP-01,taylor.owens,1,powershell.exe,"powershell.exe",explorer.exe,,,SHA256=000f3cb2646cba0c000f3cb2646cba0c000f3cb2646cba0c000f3cb2646cba0c
2026-02-15 05:19:50.674,ENG-MAC-04,svc-export,1,chrome.exe,"chrome.exe",launchd,,,SHA256=001aadb6faecd5e4001aadb6faecd5e4001aadb6faecd5e4001aadb6faecd5e4
2026-02-15 05:24:36.548,FIN-WS22,alex.chen,1,git,"git",launchd,,,SHA256=000e24efdcefd5c9000e24efdcefd5c9000e24efdcefd5c9000e24efdcefd5c9
2026-02-15 05:30:47.831,LINUX-JUMP-01,riley.kapoor,1,slack.exe,"slack.exe",explorer.exe,,,SHA256=0017a399f70769e80017a399f70769e80017a399f70769e80017a399f70769e8
2026-02-15 05:33:21.342,ENG-MAC-17,jamie.patel,1,sshd,"sshd",cmd.exe,,,SHA256=0015b0862b9f9b550015b0862b9f9b550015b0862b9f9b550015b0862b9f9b55
2026-02-15 05:41:00.363,FIN-WS22,morgan.sato,1,outlook.exe,"outlook.exe",systemd,,,SHA256=002065b250ba8d02002065b250ba8d02002065b250ba8d02002065b250ba8d02
2026-02-15 05:44:41.379,LINUX-JUMP-01,morgan.sato,1,node,"node",systemd,,,SHA256=001ea72d7841d279001ea72d7841d279001ea72d7841d279001ea72d7841d279
2026-02-15 05:55:16.923,BLD-RUN-02,alex.chen,1,powershell.exe,"powershell.exe",explorer.exe,,,SHA256=001f73a2357bb84d001f73a2357bb84d001f73a2357bb84d001f73a2357bb84d
2026-02-15 05:58:23.808,FIN-WS22,riley.kapoor,1,node,"node",launchd,,,SHA256=001f9a057fac7bc0001f9a057fac7bc0001f9a057fac7bc0001f9a057fac7bc0
2026-02-15 06:03:36.875,FIN-WS22,svc-build,1,sshd,"sshd",systemd,,,SHA256=0016e754b6b176230016e754b6b176230016e754b6b176230016e754b6b17623
2026-02-15 06:08:00.446,ENG-MAC-04,riley.kapoor,1,git,"git",cmd.exe,,,SHA256=000d7e75dca4fdc8000d7e75dca4fdc8000d7e75dca4fdc8000d7e75dca4fdc8
2026-02-15 06:13:39.397,BLD-RUN-02,riley.kapoor,1,chrome.exe,"chrome.exe",launchd,,,SHA256=00203f25424201a200203f25424201a200203f25424201a200203f25424201a2
2026-02-15 06:24:34.250,FIN-WS22,alex.chen,1,sshd,"sshd",explorer.exe,,,SHA256=0022ae3230ae7dea0022ae3230ae7dea0022ae3230ae7dea0022ae3230ae7dea
2026-02-15 06:34:23.907,ENG-MAC-04,taylor.owens,1,chrome.exe,"chrome.exe",explorer.exe,,,SHA256=0003f807a1e6a7620003f807a1e6a7620003f807a1e6a7620003f807a1e6a762
2026-02-15 06:38:18.183,FIN-WS22,riley.kapoor,1,outlook.exe,"outlook.exe",launchd,,,SHA256=000878ce057e600c000878ce057e600c000878ce057e600c000878ce057e600c
2026-02-15 06:40:51.629,BLD-RUN-02,morgan.sato,1,powershell.exe,"powershell.exe",explorer.exe,,,SHA256=00172dd04289037100172dd04289037100172dd04289037100172dd042890371
2026-02-15 06:45:40.368,ENG-MAC-17,morgan.sato,1,powershell.exe,"powershell.exe",launchd,,,SHA256=001cba49439f29c5001cba49439f29c5001cba49439f29c5001cba49439f29c5
2026-02-15 06:56:13.726,ENG-MAC-04,taylor.owens,1,sshd,"sshd",launchd,,,SHA256=00175f6169bb789200175f6169bb789200175f6169bb789200175f6169bb7892
2026-02-15 07:03:19.992,LINUX-JUMP-01,svc-export,1,slack.exe,"slack.exe",systemd,,,SHA256=000938cd650044b1000938cd650044b1000938cd650044b1000938cd650044b1
2026-02-15 07:07:57.047,FIN-WS17,taylor.owens,1,node,"node",launchd,,,SHA256=0020466fbe437cb60020466fbe437cb60020466fbe437cb60020466fbe437cb6
2026-02-15 07:13:39.102,LINUX-JUMP-01,alex.chen,1,git,"git",systemd,,,SHA256=000ce8b2042a5c15000ce8b2042a5c15000ce8b2042a5c15000ce8b2042a5c15
2026-02-15 07:17:54.179,ENG-MAC-04,alex.chen,1,sshd,"sshd",systemd,,,SHA256=001b0f44b26496b8001b0f44b26496b8001b0f44b26496b8001b0f44b26496b8
2026-02-15 07:21:26.015,ENG-MAC-04,jamie.patel,1,python3,"python3",launchd,,,SHA256=001b1587b6f651b5001b1587b6f651b5001b1587b6f651b5001b1587b6f651b5
2026-02-15 07:25:50.096,BLD-RUN-02,taylor.owens,1,outlook.exe,"outlook.exe",systemd,,,SHA256=0006c95abff6295e0006c95abff6295e0006c95abff6295e0006c95abff6295e
2026-02-15 07:28:46.727,FIN-WS22,jamie.patel,1,node,"node",explorer.exe,,,SHA256=0009e392114f05f40009e392114f05f40009e392114f05f40009e392114f05f4
2026-02-15 07:31:53.351,ENG-MAC-17,taylor.owens,1,python3,"python3",explorer.exe,,,SHA256=000a9dbf1865678f000a9dbf1865678f000a9dbf1865678f000a9dbf1865678f
2026-02-15 07:41:51.300,FIN-WS17,morgan.sato,1,node,"node",systemd,,,SHA256=000c355f9f996f2b000c355f9f996f2b000c355f9f996f2b000c355f9f996f2b
2026-02-15 07:48:05.349,ENG-MAC-04,alex.chen,1,slack.exe,"slack.exe",systemd,,,SHA256=0020638fa53b0dd00020638fa53b0dd00020638fa53b0dd00020638fa53b0dd0
2026-02-15 07:57:42.850,FIN-WS17,alex.chen,1,git,"git",explorer.exe,,,SHA256=000a402f1589bc4d000a402f1589bc4d000a402f1589bc4d000a402f1589bc4d
2026-02-15 08:02:16.889,ENG-MAC-04,riley.kapoor,1,python3,"python3",explorer.exe,,,SHA256=000436577032bd05000436577032bd05000436577032bd05000436577032bd05
2026-02-15 08:10:07.379,ENG-MAC-17,svc-export,1,node,"node",cmd.exe,,,SHA256=0010b02ce3b67ebb0010b02ce3b67ebb0010b02ce3b67ebb0010b02ce3b67ebb
2026-02-15 08:21:06.783,FIN-WS17,alex.chen,1,git,"git",launchd,,,SHA256=001e93c825e21264001e93c825e21264001e93c825e21264001e93c825e21264
2026-02-15 08:24:43.315,FIN-WS22,svc-build,1,chrome.exe,"chrome.exe",systemd,,,SHA256=0010d5da594e17630010d5da594e17630010d5da594e17630010d5da594e1763
2026-02-15 08:29:12.974,ENG-MAC-17,jamie.patel,1,chrome.exe,"chrome.exe",launchd,,,SHA256=00211e955900d8ba00211e955900d8ba00211e955900d8ba00211e955900d8ba
2026-02-15 08:38:40.253,ENG-MAC-04,taylor.owens,1,sshd,"sshd",explorer.exe,,,SHA256=001f498f3e17e31e001f498f3e17e31e001f498f3e17e31e001f498f3e17e31e
2026-02-15 08:46:52.209,ENG-MAC-04,alex.chen,1,sshd,"sshd",cmd.exe,,,SHA256=000011edaa4ceee3000011edaa4ceee3000011edaa4ceee3000011edaa4ceee3
2026-02-15 08:53:17.016,ENG-MAC-17,svc-export,1,node,"node",systemd,,,SHA256=000b5daa0109e249000b5daa0109e249000b5daa0109e249000b5daa0109e249
2026-02-15 09:01:59.955,BLD-RUN-02,svc-build,1,python3,"python3",systemd,,,SHA256=001246cfb2fbbf86001246cfb2fbbf86001246cfb2fbbf86001246cfb2fbbf86
2026-02-15 09:11:59.779,FIN-WS17,taylor.owens,1,slack.exe,"slack.exe",systemd,,,SHA256=001caba25e80d7a3001caba25e80d7a3001caba25e80d7a3001caba25e80d7a3
2026-02-15 09:23:27.852,ENG-MAC-17,riley.kapoor,1,sshd,"sshd",cmd.exe,,,SHA256=0014a018567066100014a018567066100014a018567066100014a01856706610
2026-02-15 09:26:21.615,FIN-WS22,riley.kapoor,1,sshd,"sshd",launchd,,,SHA256=0014fdbc25771a690014fdbc25771a690014fdbc25771a690014fdbc25771a69
2026-02-15 09:33:11.637,FIN-WS22,jamie.patel,1,outlook.exe,"outlook.exe",explorer.exe,,,SHA256=0007b3acc634dcf20007b3acc634dcf20007b3acc634dcf20007b3acc634dcf2
2026-02-15 09:38:35.469,LINUX-JUMP-01,taylor.owens,1,sshd,"sshd",launchd,,,SHA256=00237f56e37597ae00237f56e37597ae00237f56e37597ae00237f56e37597ae
2026-02-15 09:49:48.097,FIN-WS17,svc-build,1,chrome.exe,"chrome.exe",systemd,,,SHA256=00134518c97ad11d00134518c97ad11d00134518c97ad11d00134518c97ad11d
2026-02-15 09:57:33.164,BLD-RUN-02,riley.kapoor,1,node,"node",launchd,,,SHA256=000088704834beff000088704834beff000088704834beff000088704834beff
2026-02-15 10:04:55.223,FIN-WS17,morgan.sato,1,chrome.exe,"chrome.exe",cmd.exe,,,SHA256=001c35635f31f6bc001c35635f31f6bc001c35635f31f6bc001c35635f31f6bc
2026-02-15 10:08:53.690,LINUX-JUMP-01,morgan.sato,1,python3,"python3",systemd,,,SHA256=001438c1b04a5636001438c1b04a5636001438c1b04a5636001438c1b04a5636
2026-02-15 10:15:35.383,BLD-RUN-02,svc-build,1,sshd,"sshd",cmd.exe,,,SHA256=00097b7d4d33fb3200097b7d4d33fb3200097b7d4d33fb3200097b7d4d33fb32
2026-02-15 10:24:24.638,BLD-RUN-02,riley.kapoor,1,powershell.exe,"powershell.exe",explorer.exe,,,SHA256=001bd0d94134709d001bd0d94134709d001bd0d94134709d001bd0d94134709d
2026-02-15 10:32:36.920,ENG-MAC-04,morgan.sato,1,git,"git",systemd,,,SHA256=0013470c8dea70550013470c8dea70550013470c8dea70550013470c8dea7055
2026-02-15 10:37:31.274,FIN-WS22,jamie.patel,1,outlook.exe,"outlook.exe",cmd.exe,,,SHA256=0016eabedc8505460016eabedc8505460016eabedc8505460016eabedc850546
2026-02-15 10:46:55.261,FIN-WS22,taylor.owens,1,powershell.exe,"powershell.exe",explorer.exe,,,SHA256=0015bc3cda804ceb0015bc3cda804ceb0015bc3cda804ceb0015bc3cda804ceb
2026-02-15 10:50:08.369,FIN-WS17,riley.kapoor,1,sshd,"sshd",explorer.exe,,,SHA256=001e7b920a66e0a7001e7b920a66e0a7001e7b920a66e0a7001e7b920a66e0a7
2026-02-15 11:00:30.188,ENG-MAC-17,alex.chen,1,python3,"python3",explorer.exe,,,SHA256=001ab8c235f7de65001ab8c235f7de65001ab8c235f7de65001ab8c235f7de65
2026-02-15 11:07:00.529,ENG-MAC-04,svc-export,1,powershell.exe,"powershell.exe",systemd,,,SHA256=001dc0a62003ed7b001dc0a62003ed7b001dc0a62003ed7b001dc0a62003ed7b
2026-02-15 11:15:41.597,LINUX-JUMP-01,alex.chen,1,python3,"python3",cmd.exe,,,SHA256=00099c9b710f47d900099c9b710f47d900099c9b710f47d900099c9b710f47d9
2026-02-15 11:24:57.389,BLD-RUN-02,riley.kapoor,1,outlook.exe,"outlook.exe",systemd,,,SHA256=00038787330210d600038787330210d600038787330210d600038787330210d6
2026-02-15 11:28:01.659,LINUX-JUMP-01,riley.kapoor,1,chrome.exe,"chrome.exe",systemd,,,SHA256=0010a77e9467ea430010a77e9467ea430010a77e9467ea430010a77e9467ea43
2026-02-15 11:36:20.665,ENG-MAC-17,svc-export,1,powershell.exe,"powershell.exe",launchd,,,SHA256=0012716df8f515890012716df8f515890012716df8f515890012716df8f51589
2026-02-15 11:44:06.947,FIN-WS22,morgan.sato,1,sshd,"sshd",systemd,,,SHA256=000fb6db403d51fe000fb6db403d51fe000fb6db403d51fe000fb6db403d51fe
2026-02-15 11:53:20.683,FIN-WS17,taylor.owens,1,python3,"python3",explorer.exe,,,SHA256=000703c43f4d62b8000703c43f4d62b8000703c43f4d62b8000703c43f4d62b8
2026-02-15 12:03:29.707,BLD-RUN-02,riley.kapoor,1,git,"git",explorer.exe,,,SHA256=00144dad7643857f00144dad7643857f00144dad7643857f00144dad7643857f
2026-02-15 12:10:30.620,FIN-WS22,svc-build,1,node,"node",launchd,,,SHA256=00209073cc9a79b800209073cc9a79b800209073cc9a79b800209073cc9a79b8
2026-02-15 12:14:33.073,BLD-RUN-02,alex.chen,1,node,"node",systemd,,,SHA256=001cee93a518d153001cee93a518d153001cee93a518d153001cee93a518d153
2026-02-15 12:17:27.338,ENG-MAC-04,taylor.owens,1,python3,"python3",systemd,,,SHA256=000f0029d475772c000f0029d475772c000f0029d475772c000f0029d475772c
2026-02-15 12:26:10.667,ENG-MAC-17,taylor.owens,1,chrome.exe,"chrome.exe",systemd,,,SHA256=0005b655b3fa6d5a0005b655b3fa6d5a0005b655b3fa6d5a0005b655b3fa6d5a
2026-02-15 12:30:18.287,ENG-MAC-17,svc-export,1,powershell.exe,"powershell.exe",launchd,,,SHA256=0000845584d313610000845584d313610000845584d313610000845584d31361
2026-02-15 12:33:56.622,FIN-WS17,morgan.sato,1,sshd,"sshd",launchd,,,SHA256=001e71f01a189744001e71f01a189744001e71f01a189744001e71f01a189744
2026-02-15 12:43:54.608,FIN-WS17,svc-export,1,chrome.exe,"chrome.exe",launchd,,,SHA256=000685777db2dde8000685777db2dde8000685777db2dde8000685777db2dde8
2026-02-15 12:52:07.724,FIN-WS22,taylor.owens,1,node,"node",cmd.exe,,,SHA256=00093b0f7e01fe4b00093b0f7e01fe4b00093b0f7e01fe4b00093b0f7e01fe4b
2026-02-15 12:59:41.164,LINUX-JUMP-01,svc-export,1,node,"node",explorer.exe,,,SHA256=0009aecd657cb0740009aecd657cb0740009aecd657cb0740009aecd657cb074
2026-02-15 13:07:04.965,ENG-MAC-17,morgan.sato,1,powershell.exe,"powershell.exe",systemd,,,SHA256=000f4e2879fd9c31000f4e2879fd9c31000f4e2879fd9c31000f4e2879fd9c31
2026-02-15 13:10:14.884,FIN-WS17,svc-build,1,sshd,"sshd",explorer.exe,,,SHA256=000e5d158cbb94f5000e5d158cbb94f5000e5d158cbb94f5000e5d158cbb94f5
2026-02-15 13:20:57.448,ENG-MAC-17,riley.kapoor,1,outlook.exe,"outlook.exe",cmd.exe,,,SHA256=001d6b855e19577b001d6b855e19577b001d6b855e19577b001d6b855e19577b
2026-02-15 13:29:53.393,ENG-MAC-17,morgan.sato,1,chrome.exe,"chrome.exe",cmd.exe,,,SHA256=00057c1970d19af400057c1970d19af400057c1970d19af400057c1970d19af4
2026-02-15 13:33:57.185,ENG-MAC-17,alex.chen,1,outlook.exe,"outlook.exe",launchd,,,SHA256=00191e2505a10aed00191e2505a10aed00191e2505a10aed00191e2505a10aed
2026-02-15 13:40:16.562,BLD-RUN-02,taylor.owens,1,python3,"python3",launchd,,,SHA256=001913c7c63c5830001913c7c63c5830001913c7c63c5830001913c7c63c5830
2026-02-15 13:45:48.986,ENG-MAC-17,taylor.owens,1,sshd,"sshd",explorer.exe,,,SHA256=00031d05dafbce4700031d05dafbce4700031d05dafbce4700031d05dafbce47
2026-02-15 13:54:34.211,ENG-MAC-04,riley.kapoor,1,outlook.exe,"outlook.exe",explorer.exe,,,SHA256=0010b149e32110770010b149e32110770010b149e32110770010b149e3211077
2026-02-15 14:01:25.224,ENG-MAC-04,morgan.sato,1,git,"git",explorer.exe,,,SHA256=000e3091fde99c40000e3091fde99c40000e3091fde99c40000e3091fde99c40
2026-02-15 14:07:33.829,ENG-MAC-17,svc-export,1,powershell.exe,"powershell.exe",launchd,,,SHA256=000e6edc5861c0c8000e6edc5861c0c8000e6edc5861c0c8000e6edc5861c0c8
2026-02-15 14:14:50.919,ENG-MAC-17,taylor.owens,1,git,"git",explorer.exe,,,SHA256=0005bdef7d85b1c20005bdef7d85b1c20005bdef7d85b1c20005bdef7d85b1c2
2026-02-15 14:23:12.815,BLD-RUN-02,alex.chen,1,chrome.exe,"chrome.exe",explorer.exe,,,SHA256=0012cbc9dc0989a90012cbc9dc0989a90012cbc9dc0989a90012cbc9dc0989a9
2026-02-15 14:30:30.190,FIN-WS22,jamie.patel,1,slack.exe,"slack.exe",launchd,,,SHA256=000affb27eb54266000affb27eb54266000affb27eb54266000affb27eb54266
2026-02-15 14:41:20.346,ENG-MAC-17,alex.chen,1,slack.exe,"slack.exe",launchd,,,SHA256=000bbeffcc2e34c4000bbeffcc2e34c4000bbeffcc2e34c4000bbeffcc2e34c4
2026-02-15 14:52:20.761,FIN-WS17,riley.kapoor,1,slack.exe,"slack.exe",systemd,,,SHA256=0000e8f8ebf85e320000e8f8ebf85e320000e8f8ebf85e320000e8f8ebf85e32
2026-02-15 14:57:04.621,LINUX-JUMP-01,morgan.sato,1,python3,"python3",cmd.exe,,,SHA256=0003e1493144d1c70003e1493144d1c70003e1493144d1c70003e1493144d1c7
2026-02-15 15:05:28.814,ENG-MAC-04,alex.chen,1,powershell.exe,"powershell.exe",launchd,,,SHA256=00068bcb9ea7249000068bcb9ea7249000068bcb9ea7249000068bcb9ea72490
2026-02-15 15:09:01.844,BLD-RUN-02,riley.kapoor,1,powershell.exe,"powershell.exe",explorer.exe,,,SHA256=000f6df9c2d7a67c000f6df9c2d7a67c000f6df9c2d7a67c000f6df9c2d7a67c
2026-02-15 15:17:52.130,FIN-WS17,taylor.owens,1,node,"node",systemd,,,SHA256=001b66020536a090001b66020536a090001b66020536a090001b66020536a090
2026-02-15 15:23:53.939,ENG-MAC-04,alex.chen,1,node,"node",explorer.exe,,,SHA256=00084f665cbeee2600084f665cbeee2600084f665cbeee2600084f665cbeee26
2026-02-15 15:35:05.068,FIN-WS17,svc-build,1,chrome.exe,"chrome.exe",cmd.exe,,,SHA256=001f727780a6ea61001f727780a6ea61001f727780a6ea61001f727780a6ea61
2026-02-15 15:41:42.619,FIN-WS17,riley.kapoor,1,chrome.exe,"chrome.exe",explorer.exe,,,SHA256=000877f38d74241e000877f38d74241e000877f38d74241e000877f38d74241e
2026-02-15 15:46:34.560,FIN-WS17,alex.chen,1,python3,"python3",cmd.exe,,,SHA256=000678a5f1a26a0b000678a5f1a26a0b000678a5f1a26a0b000678a5f1a26a0b
2026-02-15 15:51:38.044,BLD-RUN-02,alex.chen,1,outlook.exe,"outlook.exe",cmd.exe,,,SHA256=001b2d33a675d5ac001b2d33a675d5ac001b2d33a675d5ac001b2d33a675d5ac
2026-02-15 16:00:01.934,BLD-RUN-02,riley.kapoor,1,outlook.exe,"outlook.exe",systemd,,,SHA256=001ef67589c65770001ef67589c65770001ef67589c65770001ef67589c65770
2026-02-15 16:04:40.939,FIN-WS22,jamie.patel,1,sshd,"sshd",launchd,,,SHA256=0002c263bf7337290002c263bf7337290002c263bf7337290002c263bf733729
2026-02-15 16:15:00.981,ENG-MAC-04,svc-build,1,node,"node",systemd,,,SHA256=00162348a3b3d38400162348a3b3d38400162348a3b3d38400162348a3b3d384
2026-02-15 16:24:27.666,FIN-WS17,jamie.patel,1,outlook.exe,"outlook.exe",explorer.exe,,,SHA256=001ca84628a7f854001ca84628a7f854001ca84628a7f854001ca84628a7f854
2026-02-15 16:28:08.338,ENG-MAC-17,taylor.owens,1,sshd,"sshd",systemd,,,SHA256=00235939d81b36ca00235939d81b36ca00235939d81b36ca00235939d81b36ca
2026-02-15 16:33:28.359,LINUX-JUMP-01,taylor.owens,1,powershell.exe,"powershell.exe",systemd,,,SHA256=0005bbc76ca113f30005bbc76ca113f30005bbc76ca113f30005bbc76ca113f3
2026-02-15 16:43:37.851,ENG-MAC-04,morgan.sato,1,python3,"python3",systemd,,,SHA256=00088e36afab711100088e36afab711100088e36afab711100088e36afab7111
2026-02-15 16:46:18.877,FIN-WS22,morgan.sato,1,slack.exe,"slack.exe",launchd,,,SHA256=0020c65c3e9096ac0020c65c3e9096ac0020c65c3e9096ac0020c65c3e9096ac
2026-02-15 16:57:16.232,BLD-RUN-02,riley.kapoor,1,python3,"python3",systemd,,,SHA256=001590228ebc966f001590228ebc966f001590228ebc966f001590228ebc966f
2026-02-15 17:01:27.932,FIN-WS22,alex.chen,1,powershell.exe,"powershell.exe",cmd.exe,,,SHA256=000fd90061f69925000fd90061f69925000fd90061f69925000fd90061f69925
2026-02-15 17:10:12.941,BLD-RUN-02,riley.kapoor,1,chrome.exe,"chrome.exe",systemd,,,SHA256=0010f817e240f57c0010f817e240f57c0010f817e240f57c0010f817e240f57c
2026-02-15 17:17:11.386,LINUX-JUMP-01,taylor.owens,1,python3,"python3",launchd,,,SHA256=0005dafa4f6ae9580005dafa4f6ae9580005dafa4f6ae9580005dafa4f6ae958
2026-02-15 17:24:22.835,LINUX-JUMP-01,svc-export,1,outlook.exe,"outlook.exe",systemd,,,SHA256=0022c479f2f352d20022c479f2f352d20022c479f2f352d20022c479f2f352d2
2026-02-15 17:30:26.339,FIN-WS22,riley.kapoor,1,python3,"python3",explorer.exe,,,SHA256=000b6965e9751f3b000b6965e9751f3b000b6965e9751f3b000b6965e9751f3b
2026-02-15 17:41:35.782,LINUX-JUMP-01,svc-export,1,chrome.exe,"chrome.exe",launchd,,,SHA256=001fe63ded7125c3001fe63ded7125c3001fe63ded7125c3001fe63ded7125c3
2026-02-15 17:46:28.242,LINUX-JUMP-01,svc-export,1,powershell.exe,"powershell.exe",systemd,,,SHA256=00208b4da289189000208b4da289189000208b4da289189000208b4da2891890
2026-02-15 17:55:53.029,LINUX-JUMP-01,jamie.patel,1,sshd,"sshd",explorer.exe,,,SHA256=00012f1e5e8df25b00012f1e5e8df25b00012f1e5e8df25b00012f1e5e8df25b
2026-02-15 18:00:14.915,FIN-WS22,jamie.patel,1,python3,"python3",explorer.exe,,,SHA256=0003cf6cf89018060003cf6cf89018060003cf6cf89018060003cf6cf8901806
2026-02-15 18:02:45.765,LINUX-JUMP-01,svc-export,1,node,"node",systemd,,,SHA256=000b98cd76be1c98000b98cd76be1c98000b98cd76be1c98000b98cd76be1c98
2026-02-15 18:10:31.943,FIN-WS17,jamie.patel,1,slack.exe,"slack.exe",launchd,,,SHA256=00134e7211aa039b00134e7211aa039b00134e7211aa039b00134e7211aa039b
2026-02-15 18:16:36.919,FIN-WS22,morgan.sato,1,outlook.exe,"outlook.exe",explorer.exe,,,SHA256=000de8a5a1edd0e7000de8a5a1edd0e7000de8a5a1edd0e7000de8a5a1edd0e7
2026-02-15 18:24:54.589,ENG-MAC-17,riley.kapoor,1,sshd,"sshd",systemd,,,SHA256=000d021e0a207e2c000d021e0a207e2c000d021e0a207e2c000d021e0a207e2c
2026-02-15 18:31:42.896,FIN-WS22,svc-export,1,sshd,"sshd",launchd,,,SHA256=000aa6f7c7dddde1000aa6f7c7dddde1000aa6f7c7dddde1000aa6f7c7dddde1
2026-02-15 18:41:51.949,FIN-WS22,svc-export,1,node,"node",launchd,,,SHA256=001ec17621ecd85c001ec17621ecd85c001ec17621ecd85c001ec17621ecd85c
2026-02-15 18:45:37.534,FIN-WS17,riley.kapoor,1,node,"node",cmd.exe,,,SHA256=0019dd92bd2f9b450019dd92bd2f9b450019dd92bd2f9b450019dd92bd2f9b45
2026-02-15 18:55:19.725,ENG-MAC-17,riley.kapoor,1,git,"git",cmd.exe,,,SHA256=0000de4b13a314a50000de4b13a314a50000de4b13a314a50000de4b13a314a5
2026-02-15 19:04:16.214,LINUX-JUMP-01,riley.kapoor,1,powershell.exe,"powershell.exe",cmd.exe,,,SHA256=001d7dccc44d3a37001d7dccc44d3a37001d7dccc44d3a37001d7dccc44d3a37
2026-02-15 19:13:58.605,ENG-MAC-04,riley.kapoor,1,powershell.exe,"powershell.exe",systemd,,,SHA256=000f5bf83bff7ac3000f5bf83bff7ac3000f5bf83bff7ac3000f5bf83bff7ac3
2026-02-15 19:23:03.700,ENG-MAC-04,morgan.sato,1,powershell.exe,"powershell.exe",explorer.exe,,,SHA256=000fb707090d1ab8000fb707090d1ab8000fb707090d1ab8000fb707090d1ab8
2026-02-15 19:29:55.870,FIN-WS17,riley.kapoor,1,chrome.exe,"chrome.exe",explorer.exe,,,SHA256=000af826a408763f000af826a408763f000af826a408763f000af826a408763f
2026-02-15 19:40:04.854,LINUX-JUMP-01,svc-export,1,chrome.exe,"chrome.exe",systemd,,,SHA256=0011150260d302680011150260d302680011150260d302680011150260d30268
2026-02-15 19:43:18.466,FIN-WS22,morgan.sato,1,git,"git",explorer.exe,,,SHA256=0015dcb88be6bc580015dcb88be6bc580015dcb88be6bc580015dcb88be6bc58
2026-02-15 19:52:23.061,ENG-MAC-17,jamie.patel,1,sshd,"sshd",explorer.exe,,,SHA256=0016c1d563a7507a0016c1d563a7507a0016c1d563a7507a0016c1d563a7507a
2026-02-15 19:56:26.412,LINUX-JUMP-01,taylor.owens,1,chrome.exe,"chrome.exe",launchd,,,SHA256=00118bfa0f88f51900118bfa0f88f51900118bfa0f88f51900118bfa0f88f519
2026-02-15 20:06:06.777,ENG-MAC-04,alex.chen,1,chrome.exe,"chrome.exe",launchd,,,SHA256=001ad9b19cf38af7001ad9b19cf38af7001ad9b19cf38af7001ad9b19cf38af7
2026-02-15 20:09:26.034,FIN-WS17,svc-export,1,chrome.exe,"chrome.exe",cmd.exe,,,SHA256=001240729e8763b6001240729e8763b6001240729e8763b6001240729e8763b6
2026-02-15 20:13:10.257,FIN-WS22,jamie.patel,1,sshd,"sshd",systemd,,,SHA256=000f4d04f177e135000f4d04f177e135000f4d04f177e135000f4d04f177e135
2026-02-15 20:18:03.140,ENG-MAC-04,morgan.sato,1,chrome.exe,"chrome.exe",launchd,,,SHA256=0010762f34cb4a290010762f34cb4a290010762f34cb4a290010762f34cb4a29
2026-02-15 20:20:50.150,FIN-WS22,jamie.patel,1,python3,"python3",systemd,,,SHA256=001c6dc6e1c67f99001c6dc6e1c67f99001c6dc6e1c67f99001c6dc6e1c67f99
2026-02-15 20:24:46.891,BLD-RUN-02,svc-export,1,outlook.exe,"outlook.exe",launchd,,,SHA256=0017cdef7804040c0017cdef7804040c0017cdef7804040c0017cdef7804040c
2026-02-15 20:34:45.257,LINUX-JUMP-01,jamie.patel,1,node,"node",explorer.exe,,,SHA256=0012d320af75d08a0012d320af75d08a0012d320af75d08a0012d320af75d08a
2026-02-15 20:43:15.711,BLD-RUN-02,morgan.sato,1,python3,"python3",launchd,,,SHA256=0002ed357dd414b70002ed357dd414b70002ed357dd414b70002ed357dd414b7
2026-02-15 20:47:22.385,BLD-RUN-02,riley.kapoor,1,git,"git",cmd.exe,,,SHA256=000eb931a1c106b7000eb931a1c106b7000eb931a1c106b7000eb931a1c106b7
2026-02-15 20:50:07.253,BLD-RUN-02,taylor.owens,1,git,"git",explorer.exe,,,SHA256=00154f1b96a0a49d00154f1b96a0a49d00154f1b96a0a49d00154f1b96a0a49d
2026-02-15 20:59:56.854,ENG-MAC-17,svc-export,1,sshd,"sshd",launchd,,,SHA256=00068d11b9df8c8c00068d11b9df8c8c00068d11b9df8c8c00068d11b9df8c8c
2026-02-15 21:08:35.025,ENG-MAC-04,riley.kapoor,1,python3,"python3",systemd,,,SHA256=000d9ffe4b8329e2000d9ffe4b8329e2000d9ffe4b8329e2000d9ffe4b8329e2
2026-02-15 21:14:51.832,BLD-RUN-02,alex.chen,1,python3,"python3",systemd,,,SHA256=000d80686c2934f1000d80686c2934f1000d80686c2934f1000d80686c2934f1
2026-02-15 21:23:04.916,BLD-RUN-02,svc-export,1,outlook.exe,"outlook.exe",systemd,,,SHA256=0004bc993fb6383e0004bc993fb6383e0004bc993fb6383e0004bc993fb6383e
2026-02-15 21:28:06.309,LINUX-JUMP-01,taylor.owens,1,outlook.exe,"outlook.exe",cmd.exe,,,SHA256=000e48d3f4774944000e48d3f4774944000e48d3f4774944000e48d3f4774944
2026-02-15 21:32:25.504,LINUX-JUMP-01,svc-export,1,slack.exe,"slack.exe",launchd,,,SHA256=00140f622d18b41800140f622d18b41800140f622d18b41800140f622d18b418
2026-02-15 21:41:17.131,BLD-RUN-02,jamie.patel,1,outlook.exe,"outlook.exe",systemd,,,SHA256=000380417432d097000380417432d097000380417432d097000380417432d097
2026-02-15 21:45:56.617,ENG-MAC-04,riley.kapoor,1,node,"node",explorer.exe,,,SHA256=0014400557b1e4dd0014400557b1e4dd0014400557b1e4dd0014400557b1e4dd
2026-02-15 21:52:46.158,ENG-MAC-04,jamie.patel,1,chrome.exe,"chrome.exe",cmd.exe,,,SHA256=0011a9b56764ac2d0011a9b56764ac2d0011a9b56764ac2d0011a9b56764ac2d
2026-02-15 21:57:21.283,FIN-WS22,svc-export,1,slack.exe,"slack.exe",cmd.exe,,,SHA256=001c67e7414c22a0001c67e7414c22a0001c67e7414c22a0001c67e7414c22a0
2026-02-15 22:06:59.219,ENG-MAC-04,taylor.owens,1,slack.exe,"slack.exe",explorer.exe,,,SHA256=001346b309cd6531001346b309cd6531001346b309cd6531001346b309cd6531
2026-02-15 22:16:56.799,LINUX-JUMP-01,svc-build,1,sshd,"sshd",cmd.exe,,,SHA256=0016ea32965b1af70016ea32965b1af70016ea32965b1af70016ea32965b1af7
2026-02-15 22:23:09.170,FIN-WS22,svc-build,1,git,"git",explorer.exe,,,SHA256=0021ac6ffd88c7b60021ac6ffd88c7b60021ac6ffd88c7b60021ac6ffd88c7b6
2026-02-15 22:32:01.295,ENG-MAC-04,jamie.patel,1,python3,"python3",launchd,,,SHA256=001e9670636ae912001e9670636ae912001e9670636ae912001e9670636ae912
2026-02-15 22:35:10.991,FIN-WS17,taylor.owens,1,node,"node",systemd,,,SHA256=0012751ec717a6f60012751ec717a6f60012751ec717a6f60012751ec717a6f6
2026-02-15 22:45:22.779,ENG-MAC-17,svc-export,1,sshd,"sshd",cmd.exe,,,SHA256=000af7aac42d7d1e000af7aac42d7d1e000af7aac42d7d1e000af7aac42d7d1e
2026-02-15 22:50:42.463,ENG-MAC-17,taylor.owens,1,outlook.exe,"outlook.exe",explorer.exe,,,SHA256=00141bc0673866c600141bc0673866c600141bc0673866c600141bc0673866c6
2026-02-15 22:58:58.279,BLD-RUN-02,morgan.sato,1,node,"node",systemd,,,SHA256=0013c183c3050edc0013c183c3050edc0013c183c3050edc0013c183c3050edc
2026-02-15 23:03:39.622,BLD-RUN-02,svc-build,1,chrome.exe,"chrome.exe",launchd,,,SHA256=0008cd698f0626560008cd698f0626560008cd698f0626560008cd698f062656
2026-02-15 23:08:41.331,ENG-MAC-17,jamie.patel,1,powershell.exe,"powershell.exe",launchd,,,SHA256=000b5018c3ba977b000b5018c3ba977b000b5018c3ba977b000b5018c3ba977b
2026-02-15 23:20:01.777,FIN-WS22,morgan.sato,1,outlook.exe,"outlook.exe",cmd.exe,,,SHA256=0022cfc9ce29a8320022cfc9ce29a8320022cfc9ce29a8320022cfc9ce29a832
2026-02-15 23:27:36.676,FIN-WS17,svc-export,1,sshd,"sshd",systemd,,,SHA256=0022a03676668ebc0022a03676668ebc0022a03676668ebc0022a03676668ebc
2026-02-15 23:36:56.539,BLD-RUN-02,svc-export,1,git,"git",launchd,,,SHA256=0008b683203153720008b683203153720008b683203153720008b68320315372
2026-02-15 23:47:51.660,ENG-MAC-04,taylor.owens,1,python3,"python3",systemd,,,SHA256=0016d572b65667480016d572b65667480016d572b65667480016d572b6566748
2026-02-15 23:58:20.902,FIN-WS22,alex.chen,1,chrome.exe,"chrome.exe",explorer.exe,,,SHA256=000f3b3a7f02ea46000f3b3a7f02ea46000f3b3a7f02ea46000f3b3a7f02ea46
2026-02-16 00:03:34.449,BLD-RUN-02,svc-export,1,powershell.exe,"powershell.exe",launchd,,,SHA256=0013850e6957864a0013850e6957864a0013850e6957864a0013850e6957864a
2026-02-16 00:07:10.059,LINUX-JUMP-01,alex.chen,1,git,"git",launchd,,,SHA256=0012db196a8fd1a10012db196a8fd1a10012db196a8fd1a10012db196a8fd1a1
2026-02-16 00:11:19.804,BLD-RUN-02,riley.kapoor,1,slack.exe,"slack.exe",launchd,,,SHA256=001817bb8b51b253001817bb8b51b253001817bb8b51b253001817bb8b51b253
2026-02-16 00:14:51.265,FIN-WS22,svc-build,1,git,"git",explorer.exe,,,SHA256=001eecec02a30643001eecec02a30643001eecec02a30643001eecec02a30643
2026-02-16 00:17:43.794,FIN-WS22,riley.kapoor,1,outlook.exe,"outlook.exe",explorer.exe,,,SHA256=0021050f3472356e0021050f3472356e0021050f3472356e0021050f3472356e
2026-02-16 00:28:55.669,ENG-MAC-04,taylor.owens,1,outlook.exe,"outlook.exe",launchd,,,SHA256=0004e277a81d1aeb0004e277a81d1aeb0004e277a81d1aeb0004e277a81d1aeb
2026-02-16 00:39:39.418,ENG-MAC-04,svc-export,1,git,"git",cmd.exe,,,SHA256=0009e6698a012e800009e6698a012e800009e6698a012e800009e6698a012e80
2026-02-16 00:43:06.670,LINUX-JUMP-01,jamie.patel,1,python3,"python3",launchd,,,SHA256=000e437a6e06dbdc000e437a6e06dbdc000e437a6e06dbdc000e437a6e06dbdc
2026-02-16 00:52:05.771,FIN-WS17,alex.chen,1,sshd,"sshd",explorer.exe,,,SHA256=0017a21c4278cde40017a21c4278cde40017a21c4278cde40017a21c4278cde4
2026-02-16 01:03:18.979,LINUX-JUMP-01,svc-build,1,slack.exe,"slack.exe",launchd,,,SHA256=00215f5af770739000215f5af770739000215f5af770739000215f5af7707390
2026-02-16 01:13:13.985,BLD-RUN-02,taylor.owens,1,sshd,"sshd",cmd.exe,,,SHA256=0015387f66d079450015387f66d079450015387f66d079450015387f66d07945
2026-02-16 01:17:48.194,FIN-WS22,riley.kapoor,1,powershell.exe,"powershell.exe",explorer.exe,,,SHA256=0023233c016a2cba0023233c016a2cba0023233c016a2cba0023233c016a2cba
2026-02-16 01:26:53.826,ENG-MAC-04,alex.chen,1,sshd,"sshd",systemd,,,SHA256=00191f6abdc312bd00191f6abdc312bd00191f6abdc312bd00191f6abdc312bd
2026-02-16 01:34:26.314,ENG-MAC-17,riley.kapoor,1,slack.exe,"slack.exe",cmd.exe,,,SHA256=001c0c87ebf52d80001c0c87ebf52d80001c0c87ebf52d80001c0c87ebf52d80
2026-02-16 01:37:15.418,BLD-RUN-02,riley.kapoor,1,outlook.exe,"outlook.exe",launchd,,,SHA256=001a4f8e245cdf2e001a4f8e245cdf2e001a4f8e245cdf2e001a4f8e245cdf2e
2026-02-16 01:41:04.244,ENG-MAC-17,alex.chen,1,outlook.exe,"outlook.exe",cmd.exe,,,SHA256=0012573d8e44c7f80012573d8e44c7f80012573d8e44c7f80012573d8e44c7f8
2026-02-16 01:52:01.235,ENG-MAC-04,svc-build,1,outlook.exe,"outlook.exe",launchd,,,SHA256=00196e201aeec7df00196e201aeec7df00196e201aeec7df00196e201aeec7df
2026-02-16 01:58:37.979,LINUX-JUMP-01,riley.kapoor,1,slack.exe,"slack.exe",cmd.exe,,,SHA256=002284cdfd9d3be2002284cdfd9d3be2002284cdfd9d3be2002284cdfd9d3be2
2026-02-16 02:01:14.080,BLD-RUN-02,svc-export,1,chrome.exe,"chrome.exe",launchd,,,SHA256=00085b181e21f35900085b181e21f35900085b181e21f35900085b181e21f359
2026-02-16 02:12:40.763,LINUX-JUMP-01,jamie.patel,1,git,"git",explorer.exe,,,SHA256=0004f49f2c8305a60004f49f2c8305a60004f49f2c8305a60004f49f2c8305a6
2026-02-16 02:24:07.442,FIN-WS17,jamie.patel,1,python3,"python3",explorer.exe,,,SHA256=0006935f5d60f1820006935f5d60f1820006935f5d60f1820006935f5d60f182
2026-02-16 02:26:39.163,ENG-MAC-17,jamie.patel,1,git,"git",systemd,,,SHA256=00223ae70eb3169000223ae70eb3169000223ae70eb3169000223ae70eb31690
2026-02-16 02:36:15.199,FIN-WS17,riley.kapoor,1,sshd,"sshd",systemd,,,SHA256=000aebb42e70f6f9000aebb42e70f6f9000aebb42e70f6f9000aebb42e70f6f9
2026-02-16 02:42:16.598,LINUX-JUMP-01,alex.chen,1,python3,"python3",launchd,,,SHA256=00220bb1e55f924800220bb1e55f924800220bb1e55f924800220bb1e55f9248
2026-02-16 02:53:38.308,ENG-MAC-04,morgan.sato,1,slack.exe,"slack.exe",launchd,,,SHA256=000d6bfb5693e3b3000d6bfb5693e3b3000d6bfb5693e3b3000d6bfb5693e3b3
2026-02-16 02:59:03.517,ENG-MAC-17,svc-export,1,git,"git",systemd,,,SHA256=00123c23c2deed9600123c23c2deed9600123c23c2deed9600123c23c2deed96
2026-02-16 03:06:16.701,ENG-MAC-04,svc-export,1,node,"node",launchd,,,SHA256=0022a119a07010d60022a119a07010d60022a119a07010d60022a119a07010d6
2026-02-16 03:10:59.024,FIN-WS17,jamie.patel,1,outlook.exe,"outlook.exe",launchd,,,SHA256=0023734121298a560023734121298a560023734121298a560023734121298a56
2026-02-16 03:16:55.272,FIN-WS22,alex.chen,1,python3,"python3",systemd,,,SHA256=00029d2cd1eb21d300029d2cd1eb21d300029d2cd1eb21d300029d2cd1eb21d3
2026-02-16 03:22:04.376,FIN-WS17,jamie.patel,1,slack.exe,"slack.exe",explorer.exe,,,SHA256=0000ff5eb9962cb70000ff5eb9962cb70000ff5eb9962cb70000ff5eb9962cb7
2026-02-16 03:27:43.440,ENG-MAC-17,jamie.patel,1,powershell.exe,"powershell.exe",systemd,,,SHA256=0021c3b5fc6854c80021c3b5fc6854c80021c3b5fc6854c80021c3b5fc6854c8
2026-02-16 03:33:34.421,BLD-RUN-02,alex.chen,1,git,"git",systemd,,,SHA256=0011e59b55fee5bb0011e59b55fee5bb0011e59b55fee5bb0011e59b55fee5bb
2026-02-16 03:38:48.405,FIN-WS17,jamie.patel,1,powershell.exe,"powershell.exe",explorer.exe,,,SHA256=00049a81395c0e1600049a81395c0e1600049a81395c0e1600049a81395c0e16
2026-02-16 03:44:08.640,BLD-RUN-02,riley.kapoor,1,python3,"python3",explorer.exe,,,SHA256=0009c7291bb64eeb0009c7291bb64eeb0009c7291bb64eeb0009c7291bb64eeb
2026-02-16 03:51:32.839,ENG-MAC-04,svc-build,1,outlook.exe,"outlook.exe",systemd,,,SHA256=000cc9ccae629b41000cc9ccae629b41000cc9ccae629b41000cc9ccae629b41
2026-02-16 04:02:29.110,FIN-WS22,svc-build,1,git,"git",systemd,,,SHA256=001387256b2c3359001387256b2c3359001387256b2c3359001387256b2c3359
2026-02-16 04:05:48.383,ENG-MAC-04,jamie.patel,1,powershell.exe,"powershell.exe",launchd,,,SHA256=001e51dab6db6907001e51dab6db6907001e51dab6db6907001e51dab6db6907
2026-02-16 04:16:28.312,LINUX-JUMP-01,taylor.owens,1,git,"git",explorer.exe,,,SHA256=000e103e0c8a01d9000e103e0c8a01d9000e103e0c8a01d9000e103e0c8a01d9
2026-02-16 04:19:06.935,FIN-WS22,alex.chen,1,git,"git",launchd,,,SHA256=00099e71e88d28c200099e71e88d28c200099e71e88d28c200099e71e88d28c2
2026-02-16 04:27:55.341,BLD-RUN-02,alex.chen,1,outlook.exe,"outlook.exe",explorer.exe,,,SHA256=002200276fb7a482002200276fb7a482002200276fb7a482002200276fb7a482
2026-02-16 04:32:12.357,BLD-RUN-02,alex.chen,1,git,"git",cmd.exe,,,SHA256=0006b5155097a1010006b5155097a1010006b5155097a1010006b5155097a101
2026-02-16 04:35:44.695,FIN-WS22,taylor.owens,1,git,"git",systemd,,,SHA256=000835eb9cbe9960000835eb9cbe9960000835eb9cbe9960000835eb9cbe9960
2026-02-16 04:39:05.832,BLD-RUN-02,taylor.owens,1,node,"node",launchd,,,SHA256=00013153312b256300013153312b256300013153312b256300013153312b2563
2026-02-16 04:42:17.448,BLD-RUN-02,svc-build,1,slack.exe,"slack.exe",systemd,,,SHA256=0012bea9f35a687d0012bea9f35a687d0012bea9f35a687d0012bea9f35a687d
2026-02-16 04:48:18.740,ENG-MAC-04,svc-export,1,python3,"python3",launchd,,,SHA256=001958e47e07f1b6001958e47e07f1b6001958e47e07f1b6001958e47e07f1b6
2026-02-16 04:57:20.240,FIN-WS22,riley.kapoor,1,python3,"python3",systemd,,,SHA256=002222c2a0c3d312002222c2a0c3d312002222c2a0c3d312002222c2a0c3d312
2026-02-16 05:05:37.558,ENG-MAC-17,taylor.owens,1,chrome.exe,"chrome.exe",launchd,,,SHA256=000f86e11a15e44e000f86e11a15e44e000f86e11a15e44e000f86e11a15e44e
2026-02-16 05:08:13.141,FIN-WS17,taylor.owens,1,chrome.exe,"chrome.exe",explorer.exe,,,SHA256=0014e75671a958080014e75671a958080014e75671a958080014e75671a95808
2026-02-16 05:13:05.883,BLD-RUN-02,taylor.owens,1,git,"git",systemd,,,SHA256=000ffb3c4bf753a9000ffb3c4bf753a9000ffb3c4bf753a9000ffb3c4bf753a9
2026-02-16 05:18:13.054,FIN-WS22,taylor.owens,1,chrome.exe,"chrome.exe",systemd,,,SHA256=0001f1c3ab91e9b40001f1c3ab91e9b40001f1c3ab91e9b40001f1c3ab91e9b4
2026-02-16 05:24:59.332,ENG-MAC-04,alex.chen,1,powershell.exe,"powershell.exe",explorer.exe,,,SHA256=0017f57ce4c3fb430017f57ce4c3fb430017f57ce4c3fb430017f57ce4c3fb43
2026-02-16 05:33:24.979,LINUX-JUMP-01,svc-build,1,outlook.exe,"outlook.exe",explorer.exe,,,SHA256=001e28f00221f0d2001e28f00221f0d2001e28f00221f0d2001e28f00221f0d2
2026-02-16 05:36:29.678,ENG-MAC-04,riley.kapoor,1,outlook.exe,"outlook.exe",systemd,,,SHA256=00115686776c3bb500115686776c3bb500115686776c3bb500115686776c3bb5
2026-02-16 05:47:49.061,FIN-WS17,jamie.patel,1,outlook.exe,"outlook.exe",explorer.exe,,,SHA256=00130af9e8e9f8c100130af9e8e9f8c100130af9e8e9f8c100130af9e8e9f8c1
2026-02-16 05:51:05.231,ENG-MAC-17,taylor.owens,1,sshd,"sshd",cmd.exe,,,SHA256=00045c14e0212a1300045c14e0212a1300045c14e0212a1300045c14e0212a13
2026-02-16 06:01:36.975,ENG-MAC-04,svc-build,1,git,"git",systemd,,,SHA256=00144cb3f9e8a10000144cb3f9e8a10000144cb3f9e8a10000144cb3f9e8a100
2026-02-16 06:11:35.052,ENG-MAC-04,svc-export,1,git,"git",systemd,,,SHA256=000ef82cd6902a86000ef82cd6902a86000ef82cd6902a86000ef82cd6902a86
2026-02-16 06:16:06.826,ENG-MAC-17,riley.kapoor,1,chrome.exe,"chrome.exe",explorer.exe,,,SHA256=0013cf50ff6eafe70013cf50ff6eafe70013cf50ff6eafe70013cf50ff6eafe7
2026-02-16 06:24:55.273,LINUX-JUMP-01,riley.kapoor,1,outlook.exe,"outlook.exe",systemd,,,SHA256=00213665c133122600213665c133122600213665c133122600213665c1331226
2026-02-16 06:32:51.377,BLD-RUN-02,morgan.sato,1,git,"git",launchd,,,SHA256=0001e0e6507362a70001e0e6507362a70001e0e6507362a70001e0e6507362a7
2026-02-16 06:42:56.372,ENG-MAC-17,riley.kapoor,1,python3,"python3",cmd.exe,,,SHA256=00151e775aea0c1d00151e775aea0c1d00151e775aea0c1d00151e775aea0c1d
2026-02-16 06:47:10.026,BLD-RUN-02,svc-export,1,powershell.exe,"powershell.exe",explorer.exe,,,SHA256=000a54b0217a5686000a54b0217a5686000a54b0217a5686000a54b0217a5686
2026-02-16 06:55:20.896,FIN-WS17,svc-export,1,slack.exe,"slack.exe",systemd,,,SHA256=000fc276293fbdf8000fc276293fbdf8000fc276293fbdf8000fc276293fbdf8
2026-02-16 07:05:20.591,FIN-WS17,riley.kapoor,1,outlook.exe,"outlook.exe",launchd,,,SHA256=000eefa4e79ea756000eefa4e79ea756000eefa4e79ea756000eefa4e79ea756
2026-02-16 07:11:21.758,LINUX-JUMP-01,taylor.owens,1,powershell.exe,"powershell.exe",explorer.exe,,,SHA256=0005d152dfa0674e0005d152dfa0674e0005d152dfa0674e0005d152dfa0674e
2026-02-16 07:14:22.583,BLD-RUN-02,jamie.patel,1,outlook.exe,"outlook.exe",launchd,,,SHA256=00047dbaf3181f3600047dbaf3181f3600047dbaf3181f3600047dbaf3181f36
2026-02-16 07:25:21.846,BLD-RUN-02,svc-build,1,powershell.exe,"powershell.exe",systemd,,,SHA256=000d72de22d0f896000d72de22d0f896000d72de22d0f896000d72de22d0f896
2026-02-16 07:34:09.269,BLD-RUN-02,alex.chen,1,git,"git",launchd,,,SHA256=001a3b0f476b938c001a3b0f476b938c001a3b0f476b938c001a3b0f476b938c
2026-02-16 07:44:16.302,FIN-WS17,svc-export,1,slack.exe,"slack.exe",launchd,,,SHA256=00227b79214d5d4400227b79214d5d4400227b79214d5d4400227b79214d5d44
2026-02-16 07:47:41.455,BLD-RUN-02,jamie.patel,1,outlook.exe,"outlook.exe",systemd,,,SHA256=0006b2b0a2aacb3f0006b2b0a2aacb3f0006b2b0a2aacb3f0006b2b0a2aacb3f
2026-02-16 07:54:09.480,BLD-RUN-02,alex.chen,1,powershell.exe,"powershell.exe",cmd.exe,,,SHA256=001fcf8c9d747524001fcf8c9d747524001fcf8c9d747524001fcf8c9d747524
2026-02-16 07:58:01.548,FIN-WS17,alex.chen,1,node,"node",cmd.exe,,,SHA256=000f36564b6f8a3b000f36564b6f8a3b000f36564b6f8a3b000f36564b6f8a3b
2026-02-16 08:00:59.187,ENG-MAC-17,riley.kapoor,1,slack.exe,"slack.exe",explorer.exe,,,SHA256=00080de0739378fa00080de0739378fa00080de0739378fa00080de0739378fa
2026-02-16 08:09:02.073,FIN-WS22,svc-build,1,python3,"python3",systemd,,,SHA256=0005b476c47f9e210005b476c47f9e210005b476c47f9e210005b476c47f9e21
2026-02-16 08:20:11.458,LINUX-JUMP-01,alex.chen,1,python3,"python3",cmd.exe,,,SHA256=000ed6ee130dc658000ed6ee130dc658000ed6ee130dc658000ed6ee130dc658
2026-02-16 08:27:28.449,BLD-RUN-02,riley.kapoor,1,slack.exe,"slack.exe",explorer.exe,,,SHA256=00000b12b3ae084d00000b12b3ae084d00000b12b3ae084d00000b12b3ae084d
2026-02-16 08:30:09.723,LINUX-JUMP-01,svc-export,1,powershell.exe,"powershell.exe",cmd.exe,,,SHA256=00006ff76d8f4ec100006ff76d8f4ec100006ff76d8f4ec100006ff76d8f4ec1
2026-02-16 08:38:11.452,ENG-MAC-17,morgan.sato,1,powershell.exe,"powershell.exe",systemd,,,SHA256=000f10c2610ea10d000f10c2610ea10d000f10c2610ea10d000f10c2610ea10d
2026-02-16 08:49:32.864,BLD-RUN-02,riley.kapoor,1,node,"node",cmd.exe,,,SHA256=000a5881e6f925fe000a5881e6f925fe000a5881e6f925fe000a5881e6f925fe
2026-02-16 09:00:30.432,BLD-RUN-02,riley.kapoor,1,git,"git",cmd.exe,,,SHA256=0003aae298dcd01d0003aae298dcd01d0003aae298dcd01d0003aae298dcd01d
2026-02-16 09:11:37.282,ENG-MAC-04,morgan.sato,1,git,"git",launchd,,,SHA256=0014d76c2544ebbf0014d76c2544ebbf0014d76c2544ebbf0014d76c2544ebbf
2026-02-16 09:17:23.941,ENG-MAC-04,morgan.sato,1,chrome.exe,"chrome.exe",cmd.exe,,,SHA256=00121b9576e4366800121b9576e4366800121b9576e4366800121b9576e43668
2026-02-16 09:24:48.709,ENG-MAC-17,taylor.owens,1,python3,"python3",launchd,,,SHA256=0008e79c62710c740008e79c62710c740008e79c62710c740008e79c62710c74
2026-02-16 09:31:10.103,LINUX-JUMP-01,jamie.patel,1,chrome.exe,"chrome.exe",launchd,,,SHA256=001efb32a39464fc001efb32a39464fc001efb32a39464fc001efb32a39464fc
2026-02-16 09:38:50.138,ENG-MAC-04,morgan.sato,1,chrome.exe,"chrome.exe",cmd.exe,,,SHA256=001227470460156b001227470460156b001227470460156b001227470460156b
2026-02-16 09:47:54.635,FIN-WS17,morgan.sato,1,chrome.exe,"chrome.exe",launchd,,,SHA256=001e97bf8eb9fd4d001e97bf8eb9fd4d001e97bf8eb9fd4d001e97bf8eb9fd4d
2026-02-16 09:54:42.859,BLD-RUN-02,svc-export,1,chrome.exe,"chrome.exe",cmd.exe,,,SHA256=0018d57c4a46982d0018d57c4a46982d0018d57c4a46982d0018d57c4a46982d
2026-02-16 10:06:10.083,FIN-WS22,svc-build,1,git,"git",explorer.exe,,,SHA256=0015944096abd6ac0015944096abd6ac0015944096abd6ac0015944096abd6ac
2026-02-16 10:15:18.220,ENG-MAC-17,taylor.owens,1,chrome.exe,"chrome.exe",explorer.exe,,,SHA256=0014c181e70459140014c181e70459140014c181e70459140014c181e7045914
2026-02-16 10:20:45.450,FIN-WS17,riley.kapoor,1,python3,"python3",launchd,,,SHA256=00205dc05378050800205dc05378050800205dc05378050800205dc053780508
2026-02-16 10:31:48.359,FIN-WS22,riley.kapoor,1,slack.exe,"slack.exe",explorer.exe,,,SHA256=001c664940a1c530001c664940a1c530001c664940a1c530001c664940a1c530
2026-02-16 10:37:51.027,ENG-MAC-04,taylor.owens,1,chrome.exe,"chrome.exe",launchd,,,SHA256=001ac3f83b06dce7001ac3f83b06dce7001ac3f83b06dce7001ac3f83b06dce7
2026-02-16 10:44:04.764,FIN-WS17,taylor.owens,1,node,"node",cmd.exe,,,SHA256=0014feb0b761eb5a0014feb0b761eb5a0014feb0b761eb5a0014feb0b761eb5a
2026-02-16 10:50:58.843,ENG-MAC-04,morgan.sato,1,node,"node",cmd.exe,,,SHA256=0010b1ad3c65509e0010b1ad3c65509e0010b1ad3c65509e0010b1ad3c65509e
2026-02-16 10:56:24.166,BLD-RUN-02,alex.chen,1,outlook.exe,"outlook.exe",launchd,,,SHA256=000d788e70d17497000d788e70d17497000d788e70d17497000d788e70d17497
2026-02-16 11:05:44.805,FIN-WS17,svc-build,1,python3,"python3",cmd.exe,,,SHA256=0006de91410542d60006de91410542d60006de91410542d60006de91410542d6
2026-02-16 11:16:41.874,LINUX-JUMP-01,riley.kapoor,1,powershell.exe,"powershell.exe",cmd.exe,,,SHA256=001e9f18c31b57b2001e9f18c31b57b2001e9f18c31b57b2001e9f18c31b57b2
2026-02-16 11:19:34.196,BLD-RUN-02,alex.chen,1,sshd,"sshd",launchd,,,SHA256=000f2c508a83aa42000f2c508a83aa42000f2c508a83aa42000f2c508a83aa42
2026-02-16 11:25:03.292,LINUX-JUMP-01,svc-export,1,python3,"python3",systemd,,,SHA256=0016fc75566644130016fc75566644130016fc75566644130016fc7556664413
2026-02-16 11:27:57.838,ENG-MAC-04,svc-export,1,powershell.exe,"powershell.exe",explorer.exe,,,SHA256=001e75c3b229a29c001e75c3b229a29c001e75c3b229a29c001e75c3b229a29c
2026-02-16 11:35:44.994,LINUX-JUMP-01,taylor.owens,1,sshd,"sshd",cmd.exe,,,SHA256=0016fda34c73ffe40016fda34c73ffe40016fda34c73ffe40016fda34c73ffe4
2026-02-16 11:46:21.855,BLD-RUN-02,riley.kapoor,1,powershell.exe,"powershell.exe",systemd,,,SHA256=001b299cb994c6e0001b299cb994c6e0001b299cb994c6e0001b299cb994c6e0
2026-02-16 11:53:47.345,FIN-WS17,alex.chen,1,outlook.exe,"outlook.exe",launchd,,,SHA256=0019a5e9505535650019a5e9505535650019a5e9505535650019a5e950553565
2026-02-16 11:58:39.586,FIN-WS17,alex.chen,1,powershell.exe,"powershell.exe",cmd.exe,,,SHA256=0016cfd878df70cb0016cfd878df70cb0016cfd878df70cb0016cfd878df70cb
2026-02-16 12:05:21.279,LINUX-JUMP-01,svc-build,1,outlook.exe,"outlook.exe",systemd,,,SHA256=000ab54c658e6b8d000ab54c658e6b8d000ab54c658e6b8d000ab54c658e6b8d
2026-02-16 12:12:09.825,FIN-WS17,morgan.sato,1,node,"node",explorer.exe,,,SHA256=001f5f30938db994001f5f30938db994001f5f30938db994001f5f30938db994
2026-02-16 12:16:22.488,BLD-RUN-02,svc-export,1,powershell.exe,"powershell.exe",launchd,,,SHA256=0022a60ecd6d25e40022a60ecd6d25e40022a60ecd6d25e40022a60ecd6d25e4
2026-02-16 12:23:51.201,LINUX-JUMP-01,jamie.patel,1,node,"node",launchd,,,SHA256=0016da27c7bb57eb0016da27c7bb57eb0016da27c7bb57eb0016da27c7bb57eb
2026-02-16 12:32:46.877,ENG-MAC-04,taylor.owens,1,git,"git",systemd,,,SHA256=000a086d077367a0000a086d077367a0000a086d077367a0000a086d077367a0
2026-02-16 12:43:18.119,FIN-WS22,riley.kapoor,1,powershell.exe,"powershell.exe",cmd.exe,,,SHA256=00088d0706f6b73100088d0706f6b73100088d0706f6b73100088d0706f6b731
2026-02-16 12:47:51.791,FIN-WS17,morgan.sato,1,sshd,"sshd",systemd,,,SHA256=000691be655215fc000691be655215fc000691be655215fc000691be655215fc
2026-02-16 12:50:49.324,FIN-WS17,svc-export,1,powershell.exe,"powershell.exe",explorer.exe,,,SHA256=0018e266069be3f80018e266069be3f80018e266069be3f80018e266069be3f8
2026-02-16 12:53:28.113,BLD-RUN-02,alex.chen,1,python3,"python3",explorer.exe,,,SHA256=002225aa23e5f5e0002225aa23e5f5e0002225aa23e5f5e0002225aa23e5f5e0
2026-02-16 13:04:55.763,FIN-WS22,jamie.patel,1,python3,"python3",systemd,,,SHA256=000acf452ff829bd000acf452ff829bd000acf452ff829bd000acf452ff829bd
2026-02-16 13:14:38.997,ENG-MAC-04,taylor.owens,1,chrome.exe,"chrome.exe",cmd.exe,,,SHA256=0011d645fa8c40ac0011d645fa8c40ac0011d645fa8c40ac0011d645fa8c40ac
2026-02-16 13:22:20.049,FIN-WS22,jamie.patel,1,slack.exe,"slack.exe",cmd.exe,,,SHA256=00090cd8b17b7de300090cd8b17b7de300090cd8b17b7de300090cd8b17b7de3
2026-02-16 13:28:41.583,BLD-RUN-02,morgan.sato,1,node,"node",launchd,,,SHA256=0008b5b162c10c650008b5b162c10c650008b5b162c10c650008b5b162c10c65
2026-02-16 13:33:15.463,ENG-MAC-04,jamie.patel,1,node,"node",systemd,,,SHA256=001ce08585ce13f1001ce08585ce13f1001ce08585ce13f1001ce08585ce13f1
2026-02-16 13:44:18.697,ENG-MAC-17,svc-export,1,node,"node",explorer.exe,,,SHA256=0008317f2a9703050008317f2a9703050008317f2a9703050008317f2a970305
2026-02-16 13:47:58.038,LINUX-JUMP-01,taylor.owens,1,node,"node",launchd,,,SHA256=00126ba969efb70e00126ba969efb70e00126ba969efb70e00126ba969efb70e
2026-02-16 13:55:08.153,ENG-MAC-04,riley.kapoor,1,outlook.exe,"outlook.exe",systemd,,,SHA256=00007e2e582a251d00007e2e582a251d00007e2e582a251d00007e2e582a251d
2026-02-16 14:00:00.920,BLD-RUN-02,morgan.sato,1,git,"git",cmd.exe,,,SHA256=000c92188a2bc4bc000c92188a2bc4bc000c92188a2bc4bc000c92188a2bc4bc
2026-02-16 14:08:27.899,FIN-WS17,svc-build,1,python3,"python3",explorer.exe,,,SHA256=000ee1da658993b0000ee1da658993b0000ee1da658993b0000ee1da658993b0
2026-02-16 14:12:45.793,LINUX-JUMP-01,alex.chen,1,sshd,"sshd",systemd,,,SHA256=002206b62d0ee4d2002206b62d0ee4d2002206b62d0ee4d2002206b62d0ee4d2
2026-02-16 14:22:35.866,FIN-WS22,taylor.owens,1,slack.exe,"slack.exe",launchd,,,SHA256=000d081508c39d4a000d081508c39d4a000d081508c39d4a000d081508c39d4a
2026-02-16 14:29:21.811,BLD-RUN-02,svc-export,1,powershell.exe,"powershell.exe",launchd,,,SHA256=0008f3488acedabf0008f3488acedabf0008f3488acedabf0008f3488acedabf
2026-02-16 14:33:54.022,BLD-RUN-02,morgan.sato,1,node,"node",systemd,,,SHA256=000960b1c3808a66000960b1c3808a66000960b1c3808a66000960b1c3808a66
2026-02-16 14:44:28.087,ENG-MAC-17,riley.kapoor,1,node,"node",launchd,,,SHA256=000319570b460bfb000319570b460bfb000319570b460bfb000319570b460bfb
2026-02-16 14:52:06.749,ENG-MAC-04,riley.kapoor,1,slack.exe,"slack.exe",cmd.exe,,,SHA256=00184d400731e50000184d400731e50000184d400731e50000184d400731e500
2026-02-16 14:56:31.416,LINUX-JUMP-01,jamie.patel,1,sshd,"sshd",explorer.exe,,,SHA256=001b5b35a7f697d0001b5b35a7f697d0001b5b35a7f697d0001b5b35a7f697d0
2026-02-16 15:07:14.275,LINUX-JUMP-01,taylor.owens,1,node,"node",systemd,,,SHA256=000baae1e31b3777000baae1e31b3777000baae1e31b3777000baae1e31b3777
2026-02-16 15:17:36.545,LINUX-JUMP-01,taylor.owens,1,outlook.exe,"outlook.exe",systemd,,,SHA256=00148619621f1c4900148619621f1c4900148619621f1c4900148619621f1c49
2026-02-16 15:27:42.537,FIN-WS17,riley.kapoor,1,python3,"python3",launchd,,,SHA256=0011bcc11cac7ea70011bcc11cac7ea70011bcc11cac7ea70011bcc11cac7ea7
2026-02-16 15:38:21.909,BLD-RUN-02,svc-build,1,powershell.exe,"powershell.exe",systemd,,,SHA256=001621b4ed0a8479001621b4ed0a8479001621b4ed0a8479001621b4ed0a8479
2026-02-16 15:49:21.463,FIN-WS22,svc-build,1,powershell.exe,"powershell.exe",systemd,,,SHA256=00143d59243fcb4500143d59243fcb4500143d59243fcb4500143d59243fcb45
2026-02-16 15:52:39.393,ENG-MAC-04,svc-export,1,powershell.exe,"powershell.exe",explorer.exe,,,SHA256=00180364bc657bef00180364bc657bef00180364bc657bef00180364bc657bef
2026-02-16 16:03:04.293,FIN-WS22,jamie.patel,1,powershell.exe,"powershell.exe",launchd,,,SHA256=000695e47c9ace7c000695e47c9ace7c000695e47c9ace7c000695e47c9ace7c
2026-02-16 16:14:12.302,LINUX-JUMP-01,svc-build,1,outlook.exe,"outlook.exe",cmd.exe,,,SHA256=001c8e24eb316378001c8e24eb316378001c8e24eb316378001c8e24eb316378
2026-02-16 16:23:51.181,FIN-WS17,taylor.owens,1,git,"git",launchd,,,SHA256=0006763e4d6d4dc80006763e4d6d4dc80006763e4d6d4dc80006763e4d6d4dc8
2026-02-16 16:29:31.343,FIN-WS17,taylor.owens,1,powershell.exe,"powershell.exe",launchd,,,SHA256=00214a800185e31600214a800185e31600214a800185e31600214a800185e316
2026-02-16 16:39:20.938,ENG-MAC-04,jamie.patel,1,chrome.exe,"chrome.exe",systemd,,,SHA256=001012f4137bba12001012f4137bba12001012f4137bba12001012f4137bba12
2026-02-16 16:46:04.042,ENG-MAC-17,taylor.owens,1,chrome.exe,"chrome.exe",explorer.exe,,,SHA256=0019a8da98cc753f0019a8da98cc753f0019a8da98cc753f0019a8da98cc753f
2026-02-16 16:55:45.425,BLD-RUN-02,morgan.sato,1,git,"git",explorer.exe,,,SHA256=0008e1a10b5c660b0008e1a10b5c660b0008e1a10b5c660b0008e1a10b5c660b
2026-02-16 17:04:38.659,FIN-WS22,morgan.sato,1,outlook.exe,"outlook.exe",systemd,,,SHA256=000994579a8f8758000994579a8f8758000994579a8f8758000994579a8f8758
2026-02-16 17:13:21.689,ENG-MAC-04,alex.chen,1,chrome.exe,"chrome.exe",launchd,,,SHA256=001763baf11817cb001763baf11817cb001763baf11817cb001763baf11817cb
2026-02-16 17:22:39.274,FIN-WS22,svc-export,1,slack.exe,"slack.exe",launchd,,,SHA256=0017506892650b730017506892650b730017506892650b730017506892650b73
2026-02-16 17:25:47.609,BLD-RUN-02,morgan.sato,1,node,"node",systemd,,,SHA256=0007b32e5d25f1ab0007b32e5d25f1ab0007b32e5d25f1ab0007b32e5d25f1ab
2026-02-16 17:33:54.358,FIN-WS17,taylor.owens,1,slack.exe,"slack.exe",explorer.exe,,,SHA256=000a6802d8299747000a6802d8299747000a6802d8299747000a6802d8299747
2026-02-16 17:43:27.400,BLD-RUN-02,morgan.sato,1,git,"git",explorer.exe,,,SHA256=00211a84fcc4ee6200211a84fcc4ee6200211a84fcc4ee6200211a84fcc4ee62
2026-02-16 17:52:16.747,FIN-WS17,taylor.owens,1,outlook.exe,"outlook.exe",systemd,,,SHA256=00124d485f826c6f00124d485f826c6f00124d485f826c6f00124d485f826c6f
2026-02-16 18:01:23.982,ENG-MAC-17,alex.chen,1,outlook.exe,"outlook.exe",launchd,,,SHA256=0005c04629fb6c5d0005c04629fb6c5d0005c04629fb6c5d0005c04629fb6c5d
2026-02-16 18:12:38.583,LINUX-JUMP-01,svc-export,1,powershell.exe,"powershell.exe",systemd,,,SHA256=00003dfcbdeb05e500003dfcbdeb05e500003dfcbdeb05e500003dfcbdeb05e5
2026-02-16 18:17:15.816,BLD-RUN-02,taylor.owens,1,sshd,"sshd",systemd,,,SHA256=0003d40775ad84620003d40775ad84620003d40775ad84620003d40775ad8462
2026-02-16 18:28:00.393,ENG-MAC-04,riley.kapoor,1,slack.exe,"slack.exe",systemd,,,SHA256=00208d9459ee06c000208d9459ee06c000208d9459ee06c000208d9459ee06c0
2026-02-16 18:34:46.462,FIN-WS17,jamie.patel,1,outlook.exe,"outlook.exe",explorer.exe,,,SHA256=001fc2de82692767001fc2de82692767001fc2de82692767001fc2de82692767
2026-02-16 18:44:59.123,BLD-RUN-02,svc-export,1,powershell.exe,"powershell.exe",systemd,,,SHA256=001b8300ee28a62c001b8300ee28a62c001b8300ee28a62c001b8300ee28a62c
2026-02-16 18:47:35.722,BLD-RUN-02,svc-export,1,git,"git",launchd,,,SHA256=0010e69d0c703fae0010e69d0c703fae0010e69d0c703fae0010e69d0c703fae
2026-02-16 18:56:15.542,ENG-MAC-17,taylor.owens,1,outlook.exe,"outlook.exe",explorer.exe,,,SHA256=00145f2398dff4a900145f2398dff4a900145f2398dff4a900145f2398dff4a9
2026-02-16 19:02:11.859,ENG-MAC-04,svc-build,1,chrome.exe,"chrome.exe",cmd.exe,,,SHA256=001e5e421d615124001e5e421d615124001e5e421d615124001e5e421d615124
2026-02-16 19:06:47.087,BLD-RUN-02,svc-export,1,sshd,"sshd",systemd,,,SHA256=0015e8a98b6496860015e8a98b6496860015e8a98b6496860015e8a98b649686
2026-02-16 19:10:45.007,FIN-WS17,svc-export,1,python3,"python3",launchd,,,SHA256=000c14d74abb54f9000c14d74abb54f9000c14d74abb54f9000c14d74abb54f9
2026-02-16 19:20:07.809,ENG-MAC-17,jamie.patel,1,slack.exe,"slack.exe",systemd,,,SHA256=00237472ad5ecf9e00237472ad5ecf9e00237472ad5ecf9e00237472ad5ecf9e
2026-02-16 19:23:52.522,FIN-WS22,svc-build,1,outlook.exe,"outlook.exe",systemd,,,SHA256=001db214de5acc82001db214de5acc82001db214de5acc82001db214de5acc82
2026-02-16 19:29:22.746,FIN-WS22,svc-export,1,powershell.exe,"powershell.exe",explorer.exe,,,SHA256=001d239619b5fc54001d239619b5fc54001d239619b5fc54001d239619b5fc54
2026-02-16 19:35:27.632,ENG-MAC-04,svc-build,1,git,"git",explorer.exe,,,SHA256=000df804a283474d000df804a283474d000df804a283474d000df804a283474d
2026-02-16 19:46:39.633,FIN-WS22,svc-build,1,python3,"python3",cmd.exe,,,SHA256=0012374d5440d3cc0012374d5440d3cc0012374d5440d3cc0012374d5440d3cc
2026-02-16 19:53:33.384,ENG-MAC-17,svc-build,1,python3,"python3",systemd,,,SHA256=00120c776873d88500120c776873d88500120c776873d88500120c776873d885
2026-02-16 20:04:26.521,BLD-RUN-02,alex.chen,1,outlook.exe,"outlook.exe",explorer.exe,,,SHA256=001e7060e6110f69001e7060e6110f69001e7060e6110f69001e7060e6110f69
2026-02-16 20:15:44.505,ENG-MAC-04,svc-export,1,slack.exe,"slack.exe",systemd,,,SHA256=002002e31a7c3786002002e31a7c3786002002e31a7c3786002002e31a7c3786
2026-02-16 20:23:19.470,ENG-MAC-17,alex.chen,1,chrome.exe,"chrome.exe",explorer.exe,,,SHA256=001489012825538d001489012825538d001489012825538d001489012825538d
2026-02-16 20:26:10.414,ENG-MAC-04,taylor.owens,1,sshd,"sshd",systemd,,,SHA256=001b1c8bdb2687c3001b1c8bdb2687c3001b1c8bdb2687c3001b1c8bdb2687c3
2026-02-16 20:32:10.131,LINUX-JUMP-01,taylor.owens,1,chrome.exe,"chrome.exe",launchd,,,SHA256=0015e3613ec2758e0015e3613ec2758e0015e3613ec2758e0015e3613ec2758e
2026-02-16 20:42:53.260,BLD-RUN-02,taylor.owens,1,chrome.exe,"chrome.exe",cmd.exe,,,SHA256=0018e8ea652103d70018e8ea652103d70018e8ea652103d70018e8ea652103d7
2026-02-16 20:49:58.642,ENG-MAC-04,taylor.owens,1,chrome.exe,"chrome.exe",cmd.exe,,,SHA256=000f495ed94e7af5000f495ed94e7af5000f495ed94e7af5000f495ed94e7af5
2026-02-16 20:55:45.472,ENG-MAC-04,jamie.patel,1,sshd,"sshd",launchd,,,SHA256=001ed8f0eb4407e8001ed8f0eb4407e8001ed8f0eb4407e8001ed8f0eb4407e8
2026-02-16 21:03:02.895,ENG-MAC-17,jamie.patel,1,outlook.exe,"outlook.exe",cmd.exe,,,SHA256=0021c4b48f54edfe0021c4b48f54edfe0021c4b48f54edfe0021c4b48f54edfe
2026-02-16 21:09:51.942,FIN-WS22,alex.chen,1,chrome.exe,"chrome.exe",launchd,,,SHA256=0000781241ca37420000781241ca37420000781241ca37420000781241ca3742
2026-02-16 21:16:30.847,LINUX-JUMP-01,riley.kapoor,1,python3,"python3",systemd,,,SHA256=00012f7aa66f634a00012f7aa66f634a00012f7aa66f634a00012f7aa66f634a
2026-02-16 21:22:52.578,BLD-RUN-02,alex.chen,1,sshd,"sshd",systemd,,,SHA256=000f5fabb5c0b932000f5fabb5c0b932000f5fabb5c0b932000f5fabb5c0b932
2026-02-16 21:28:28.194,FIN-WS17,svc-export,1,powershell.exe,"powershell.exe",explorer.exe,,,SHA256=0012eaa9805f4ce80012eaa9805f4ce80012eaa9805f4ce80012eaa9805f4ce8
2026-02-16 21:31:21.603,ENG-MAC-17,alex.chen,1,powershell.exe,"powershell.exe",cmd.exe,,,SHA256=00023474198dc92100023474198dc92100023474198dc92100023474198dc921
2026-02-16 21:39:29.320,ENG-MAC-17,alex.chen,1,git,"git",launchd,,,SHA256=000c27c149237686000c27c149237686000c27c149237686000c27c149237686
2026-02-16 21:44:50.582,FIN-WS17,taylor.owens,1,git,"git",launchd,,,SHA256=0006a5d1adcb15f40006a5d1adcb15f40006a5d1adcb15f40006a5d1adcb15f4
2026-02-16 21:51:25.088,FIN-WS17,riley.kapoor,1,outlook.exe,"outlook.exe",explorer.exe,,,SHA256=0000def7e885c6f20000def7e885c6f20000def7e885c6f20000def7e885c6f2
2026-02-16 21:55:42.801,FIN-WS22,riley.kapoor,1,sshd,"sshd",launchd,,,SHA256=00123cba47a8aca200123cba47a8aca200123cba47a8aca200123cba47a8aca2
2026-02-16 22:01:56.653,ENG-MAC-04,alex.chen,1,slack.exe,"slack.exe",explorer.exe,,,SHA256=001f3761560f22d6001f3761560f22d6001f3761560f22d6001f3761560f22d6
2026-02-16 22:06:57.240,ENG-MAC-17,alex.chen,1,python3,"python3",explorer.exe,,,SHA256=00147000366c6a1600147000366c6a1600147000366c6a1600147000366c6a16
2026-02-16 22:13:30.087,ENG-MAC-17,svc-build,1,slack.exe,"slack.exe",launchd,,,SHA256=0013f475e1e18cb30013f475e1e18cb30013f475e1e18cb30013f475e1e18cb3
2026-02-16 22:18:01.001,ENG-MAC-17,taylor.owens,1,python3,"python3",explorer.exe,,,SHA256=0019a10babf830450019a10babf830450019a10babf830450019a10babf83045
2026-02-16 22:28:42.270,ENG-MAC-04,alex.chen,1,git,"git",explorer.exe,,,SHA256=00160eb7af2fde1c00160eb7af2fde1c00160eb7af2fde1c00160eb7af2fde1c
2026-02-16 22:31:59.696,FIN-WS22,morgan.sato,1,node,"node",systemd,,,SHA256=0005a186c7355a900005a186c7355a900005a186c7355a900005a186c7355a90
2026-02-16 22:34:34.077,FIN-WS17,alex.chen,1,slack.exe,"slack.exe",systemd,,,SHA256=00136913c2d2b63600136913c2d2b63600136913c2d2b63600136913c2d2b636
2026-02-16 22:44:35.891,LINUX-JUMP-01,taylor.owens,1,outlook.exe,"outlook.exe",launchd,,,SHA256=001c10a9c87f2d5e001c10a9c87f2d5e001c10a9c87f2d5e001c10a9c87f2d5e
2026-02-16 22:48:22.559,BLD-RUN-02,taylor.owens,1,chrome.exe,"chrome.exe",explorer.exe,,,SHA256=00073cda28d9796e00073cda28d9796e00073cda28d9796e00073cda28d9796e
2026-02-16 22:57:16.375,FIN-WS22,riley.kapoor,1,sshd,"sshd",cmd.exe,,,SHA256=001d92e4aa3d3cf4001d92e4aa3d3cf4001d92e4aa3d3cf4001d92e4aa3d3cf4
2026-02-16 23:07:09.411,ENG-MAC-17,taylor.owens,1,python3,"python3",launchd,,,SHA256=001ad99757c67e7c001ad99757c67e7c001ad99757c67e7c001ad99757c67e7c
2026-02-16 23:12:09.598,FIN-WS17,alex.chen,1,chrome.exe,"chrome.exe",launchd,,,SHA256=000fd05c8a750797000fd05c8a750797000fd05c8a750797000fd05c8a750797
2026-02-16 23:16:18.663,ENG-MAC-17,jamie.patel,1,powershell.exe,"powershell.exe",cmd.exe,,,SHA256=000f6184329bc497000f6184329bc497000f6184329bc497000f6184329bc497
2026-02-16 23:21:25.280,LINUX-JUMP-01,svc-export,1,outlook.exe,"outlook.exe",explorer.exe,,,SHA256=001e6b9c08213ee4001e6b9c08213ee4001e6b9c08213ee4001e6b9c08213ee4
2026-02-16 23:27:02.147,FIN-WS17,alex.chen,1,slack.exe,"slack.exe",explorer.exe,,,SHA256=001b10fcf220cef9001b10fcf220cef9001b10fcf220cef9001b10fcf220cef9
2026-02-16 23:35:48.813,ENG-MAC-04,taylor.owens,1,node,"node",explorer.exe,,,SHA256=00199c67eda37c6d00199c67eda37c6d00199c67eda37c6d00199c67eda37c6d
2026-02-16 23:38:46.919,ENG-MAC-04,alex.chen,1,sshd,"sshd",launchd,,,SHA256=0003f23cd35381930003f23cd35381930003f23cd35381930003f23cd3538193
2026-02-16 23:45:13.687,ENG-MAC-04,svc-export,1,node,"node",cmd.exe,,,SHA256=0018ad072bdc5d960018ad072bdc5d960018ad072bdc5d960018ad072bdc5d96
2026-02-16 23:51:04.443,FIN-WS17,riley.kapoor,1,powershell.exe,"powershell.exe",explorer.exe,,,SHA256=001794c068d71b13001794c068d71b13001794c068d71b13001794c068d71b13
